feature,rho_logD50,perm_control,camera_var_pct,soil_var_pct,beats_control,used
e4,0.6704347826086956,0.5443478260869564,21.721065723573933,84.33292579191139,True,model
e8,0.7426086956521739,0.5408695652173913,32.67675553804285,90.01231270074094,True,model
e16,0.7878260869565217,0.6556521739130434,41.36508746943354,87.03725048910583,True,model
R,-0.32434782608695645,0.7513043478260868,15.618293580476372,16.94119193412987,False,model
G,-0.12608695652173912,0.5521739130434782,20.175349460544044,25.579166253673748,False,model
B,0.09652173913043478,0.4843478260869564,96.43198304893119,48.66592582621115,False,model
sat,-0.3052173913043478,0.5991304347826086,203.97746423754626,75.64948370776686,False,model
lum_p10,-0.6608695652173912,0.6539130434782607,30.890109053535614,43.3680534525105,True,model
lum_p50,0.13999999999999999,0.4860869565217391,7.570459076690277,21.91558579483553,False,model
lum_p90,0.5335942722357011,0.527940869188379,45.06856972751454,36.93884663926308,True,model
lum_sd,0.6582608695652173,0.5208695652173913,35.375260836170405,58.54765672873631,True,model
grad_mean,-0.3313043478260869,0.6956521739130433,19.36464986166753,28.27278263891807,False,model
spec_centroid_cpm,0.11130434782608695,0.6017391304347826,13.033019586804778,5.44373402836045,False,model
dom_wavelength_mm,-0.11565217391304347,0.5947826086956521,12.159448526740109,5.357735793183063,False,model
soil_fraction,-0.46591854602835975,0.4901221068610019,58.65116359943953,50.40269246335254,False,model
crop_area_fraction,0.08086956521739129,0.5617391304347825,77.1270291119657,45.4251912972446,False,model
e1,-0.13652173913043478,0.5860869565217391,21.914072218462447,25.349095004217354,False,diag-only
e2,0.4547826086956522,0.6034782608695652,17.492817100915815,52.456669761576,False,diag-only
