sample_id,cv_family,n_images,n_fit_images,emd_A,alpha_A,emd_B,alpha_B,emd_C,alpha_C
F827,FAM10,5,122,56.97657725872069,3.0,41.01421919761345,0.03,49.12412159743316,3.0
G190,FAM15,5,122,7.27196696973094,3.0,9.582321260264223,0.3,7.727941794990295,1.0
H030,FAM13,7,120,35.45164218040117,1.0,29.468411800736565,0.03,34.35406530634932,1.0
H037,FAM7,6,121,75.76267292479619,1.0,70.9149983370734,0.3,81.9027465171584,1.0
H038,FAM1,8,116,93.17970766734825,0.3,97.18841049412595,0.03,106.72984320069992,0.3
H126,FAM9,4,123,54.40725754628332,3.0,68.08512709825577,0.03,53.27397362640094,1.0
H181,FAM2,6,114,23.4689470364411,3.0,23.16331538781327,0.3,23.942833627475842,1.0
H183,FAM2,7,114,20.50653463205956,3.0,22.331775079665398,0.3,21.994464228035724,1.0
H366,FAM4,4,106,50.72595840334367,1.0,15.904390877304897,0.03,50.92058547273694,3.0
H367,FAM4,4,106,41.049599693154505,1.0,14.232659345827509,0.03,31.001801352168883,3.0
H368,FAM3,5,117,16.416833171420016,3.0,11.479514300912085,0.3,13.985484494398236,1.0
H371,FAM4,7,106,44.66305391411488,1.0,13.830566075287344,0.03,10.2543171400532,3.0
H372,FAM4,6,106,23.48077635177711,1.0,10.800100758333198,0.03,11.034503365083902,3.0
H374,FAM5,3,124,62.106250012930175,0.1,33.716765671568396,0.03,56.75205338067852,0.3
H405,FAM11,6,121,70.3378631971656,3.0,64.07261091594512,0.3,63.70212644668506,3.0
H493,FAM12,5,118,31.75185205418331,3.0,34.98938065168672,0.3,27.5007037784106,1.0
H516,FAM6,4,123,38.176593922464725,3.0,40.46115239678353,0.3,34.99021688894991,1.0
H549,FAM8,5,115,38.47893921725181,3.0,35.74679154513083,0.3,45.97206029267339,3.0
H615,FAM3,5,117,11.23763950940321,3.0,14.213684914197442,0.3,9.892226257259411,1.0
H616,FAM16,5,122,79.384961807758,1.0,77.02169458879783,0.03,78.25219882540824,1.0
H617,FAM14,6,121,37.33723011119026,1.0,24.22627685634213,0.3,33.41676105247535,1.0
H637,FAM1,3,116,45.68597651499539,0.3,41.66950848589034,0.03,48.35078973881592,0.3
H666,FAM12,4,118,36.32176482638238,3.0,50.441881948682415,0.3,39.19674160610793,1.0
H668,FAM8,7,115,48.69680592016119,3.0,39.31468776491163,0.3,45.564579827221465,3.0
