arm,n_feat,crop,backend,oracle_alpha,oracle_emd,parsimony_alpha,parsimony_emd,parsimony_is_grid_max,grid_spread
M1,12,256,M1,3.0,41.14751586569819,30.0,51.70090238135678,False,51.871558619846176
vit_random@c256,384,256,vit_random,0.03,39.77693008453303,100.0,52.17877628801967,False,53.0756788609411
vit_random@c128,384,128,vit_random,10.0,41.54961980909434,100.0,49.67617264698592,False,51.31223160560546
vit_random@c64,384,64,vit_random,3.0,39.364909657909955,100.0,51.95273545324616,False,53.52858643223991
vit_random@c32,384,32,vit_random,3.0,38.63746531919636,30.0,44.923913806851864,False,54.28722200752416
dinov2@c256,384,256,dinov2,300.0,43.1917314645676,1000.0,48.279175021911726,False,49.617285819745526
dinov2@c128,384,128,dinov2,100.0,41.914633043148385,1000.0,47.517370880802936,False,50.873665795629705
dinov2@c64,384,64,dinov2,300.0,43.834388758993875,1000.0,48.2420574321153,False,48.953196690569165
dinov2@c32,384,32,dinov2,300.0,41.6081245085304,1000.0,46.844063562675366,False,51.1797042887567
