arm,alpha,camres,cam,in_domain
M1,30.0,54.983200681833694,55.402331561127355,43.02173087964769
vit_random@c256,100.0,91.88877841182001,99.70769005302137,39.77693008453303
vit_random@c128,100.0,82.40605032655229,89.84880966268501,42.355726388532844
vit_random@c64,100.0,85.79000893994218,94.9159087969625,40.69541910812804
vit_random@c32,30.0,64.92371780179921,76.125654299134,38.63746531919636
dinov2@c256,1000.0,54.00610009912631,53.95118039979671,44.330245615450906
dinov2@c128,1000.0,51.32640451332393,52.79082032898426,43.319487436316706
dinov2@c64,1000.0,53.50522760837458,53.95395986201208,43.834388758993875
dinov2@c32,1000.0,58.59226987282469,51.97269868841851,44.872840530087046
