sample_id,M1,vit_random@c256,vit_random@c128,vit_random@c64,vit_random@c32,dinov2@c256,dinov2@c128,dinov2@c64,dinov2@c32,cv_family,D50_mm,soil_group
H038,104.73097340262302,65.9392724524532,82.52421315470423,78.84192287685215,70.90181879197104,124.24114520414713,118.48261701847653,130.89264418821452,104.4390941275052,FAM1,2.4337854734160445,coarse
H637,33.462658361860235,15.029569979059099,20.289439963234557,21.753757619393152,20.905119216826588,42.717702262240294,51.05999602995564,33.68727346339752,34.34745204790615,FAM1,2.5353851188161713,coarse
F827,56.97657725872064,10.391684764692528,43.068286597435176,39.146565814292536,35.94336327968041,48.39641579582878,53.85750402182609,63.013200361718575,52.52684126142208,FAM10,0.021342593665448436,fines
H405,70.33786319716559,33.98964717357921,49.92123904705752,35.39110513379395,57.56744362066905,109.18684275588747,113.17114510626081,103.72992939520103,98.70774999508012,FAM11,0.02246277040415249,fines
H493,32.79016163919696,76.57780968548576,45.697637823703985,68.50069755322936,38.692785842742424,34.29174937470998,16.049823693594753,21.52903021857827,22.805181684548867,FAM12,0.05928394927915971,fines
H666,43.74004961867902,61.045394137305216,48.338159189626985,46.5546867499351,27.451539378908898,20.38297865304043,35.270819205244585,37.431680047044026,34.31287903849776,FAM12,0.06843166426880329,fines
H030,34.31933927303795,19.196973762523104,21.834481519201553,22.237760362070475,23.9446193351307,25.925520331968062,25.263767095778526,30.752655202798188,35.365342011590954,FAM13,0.10347589210368574,fines
H617,36.26180367222817,25.791438270272415,19.738487286996882,41.5302356919303,43.869982293735916,28.55898831342533,27.29205067672649,29.566325290111298,29.02804442683858,FAM14,0.09878666278625141,fines
G190,7.271966969730973,25.440388221254242,44.188176391951785,33.53377155544993,22.983361676261023,50.71027932673134,24.480294355897595,20.64765041439341,51.13156226272266,FAM15,0.06215835418052568,fines
H616,79.38496180775802,67.97726181552211,72.43487735339427,68.65815665772261,75.57345731033577,73.71345989352619,80.61301653962443,74.76186096970838,68.98605929831554,FAM16,0.21072729281293692,mid
H181,23.468947036441087,24.00387134028939,38.01418914833658,18.36202946677721,52.20901602628877,25.56169971883915,29.577463458349904,25.830575215270848,24.230681101885082,FAM2,3.0655543274504624,coarse
H183,20.506534632059516,25.083492595018654,35.90381932235455,15.493992331386163,22.398120431959743,22.2275917135641,25.866183889471777,23.105820657228918,20.96326094035046,FAM2,3.674268744753933,coarse
H368,16.416833171420038,16.69027829672409,39.06016600704488,36.692066229291896,14.693978359847158,22.234902048390392,20.026953155283678,22.267571061864736,36.06706890204568,FAM3,6.126121256568965,coarse
H615,11.237639509403202,26.838483900850292,46.65769549404615,18.356784757986368,51.11819781908091,12.27406881681676,13.044195765019717,12.194179760176505,16.434850811207244,FAM3,5.338656282186335,coarse
H366,50.72595840334365,18.881143231906826,29.207277879267096,30.544563291280845,32.12529050715944,15.066947024838726,23.103213433784656,25.744471665799615,25.580494713012765,FAM4,4.790810546813816,coarse
H367,41.04959969315452,16.30240106338315,21.89179666690542,23.941726807841135,24.097691577343255,25.85034979620405,13.910224239553862,25.7355537801767,21.14404633788461,FAM4,4.791905909057172,coarse
H371,44.663053914114734,74.82253581605082,53.65093021886754,78.84781616271937,72.3839462997765,9.337025880135872,10.967915430995232,5.784094021103957,7.688067543549723,FAM4,4.337126307715737,coarse
H372,23.480776351777077,18.828640564452506,33.04231910130172,28.627092338039667,28.800922554432425,7.561479411548071,11.726343528047098,6.66894841537513,21.543809263623707,FAM4,4.585210357487079,coarse
H374,48.0281581181025,54.83784658094238,54.98204856533474,52.086266083985414,50.988287817014694,45.57351311718026,48.327430083916994,55.24183263031168,52.088233387111444,FAM5,5.910814878419663,coarse
H516,38.17659392246474,61.134265583498674,35.4136786957421,44.633272758098315,35.36675837910072,57.22739115111353,50.12312334569712,45.17085221970494,70.95492013002317,FAM6,1.7948261226059148,coarse
H037,73.9080884745668,69.40631498681682,77.79744539702381,88.678780904331,55.59430286210917,67.23421495000689,66.15123171794676,68.93112061695822,66.20418741888216,FAM7,0.8144439160940196,mid
H549,38.4789392172516,68.129672489585,34.30964946777604,36.6973136676951,9.702497482156158,66.19925729896372,65.4094754513621,69.15716572587574,65.44085644422054,FAM8,0.030015455772221193,fines
H668,48.696805920161125,35.466820975755574,11.982614831281575,8.546065194257654,19.5713163201465,70.58654088271417,66.35042245445149,76.34481654948078,84.03749686778434,FAM8,0.03043261628773347,fines
H126,54.40725754628332,42.84111434137159,56.58880420219913,39.03362858671325,40.415350478035215,58.86583104900104,49.54248877433515,43.83607834536015,32.919992706080194,FAM9,0.03498491616952528,fines
