arm,fold_family,n_eval_soils,alpha_selected,fold_emd,worst_soil,worst_emd
M1,FAM1,2,3.0,69.09681588224163,H038,104.73097340262302
M1,FAM10,1,3.0,56.97657725872064,F827,56.97657725872064
M1,FAM11,1,3.0,70.33786319716559,H405,70.33786319716559
M1,FAM12,2,1.0,38.26510562893799,H666,43.74004961867902
M1,FAM13,1,3.0,34.31933927303795,H030,34.31933927303795
M1,FAM14,1,3.0,36.26180367222817,H617,36.26180367222817
M1,FAM15,1,3.0,7.271966969730973,G190,7.271966969730973
M1,FAM16,1,1.0,79.38496180775802,H616,79.38496180775802
M1,FAM2,2,3.0,21.987740834250303,H181,23.468947036441087
M1,FAM3,2,3.0,13.82723634041162,H368,16.416833171420038
M1,FAM4,4,1.0,39.979847090597495,H366,50.72595840334365
M1,FAM5,1,1.0,48.0281581181025,H374,48.0281581181025
M1,FAM6,1,3.0,38.17659392246474,H516,38.17659392246474
M1,FAM7,1,3.0,73.9080884745668,H037,73.9080884745668
M1,FAM8,2,3.0,43.58787256870636,H668,48.696805920161125
M1,FAM9,1,3.0,54.40725754628332,H126,54.40725754628332
vit_random@c256,FAM1,2,0.03,40.48442121575615,H038,65.9392724524532
vit_random@c256,FAM10,1,0.03,10.391684764692528,F827,10.391684764692528
vit_random@c256,FAM11,1,0.03,33.98964717357921,H405,33.98964717357921
vit_random@c256,FAM12,2,0.03,68.81160191139548,H493,76.57780968548576
vit_random@c256,FAM13,1,0.03,19.196973762523104,H030,19.196973762523104
vit_random@c256,FAM14,1,0.03,25.791438270272415,H617,25.791438270272415
vit_random@c256,FAM15,1,0.03,25.440388221254242,G190,25.440388221254242
vit_random@c256,FAM16,1,0.03,67.97726181552211,H616,67.97726181552211
vit_random@c256,FAM2,2,0.03,24.543681967654024,H183,25.083492595018654
vit_random@c256,FAM3,2,0.03,21.76438109878719,H615,26.838483900850292
vit_random@c256,FAM4,4,0.03,32.20868016894833,H371,74.82253581605082
vit_random@c256,FAM5,1,0.03,54.83784658094238,H374,54.83784658094238
vit_random@c256,FAM6,1,0.03,61.134265583498674,H516,61.134265583498674
vit_random@c256,FAM7,1,0.03,69.40631498681682,H037,69.40631498681682
vit_random@c256,FAM8,2,0.03,51.79824673267029,H549,68.129672489585
vit_random@c256,FAM9,1,0.03,42.84111434137159,H126,42.84111434137159
vit_random@c128,FAM1,2,10.0,51.40682655896939,H038,82.52421315470423
vit_random@c128,FAM10,1,10.0,43.068286597435176,F827,43.068286597435176
vit_random@c128,FAM11,1,10.0,49.92123904705752,H405,49.92123904705752
vit_random@c128,FAM12,2,10.0,47.01789850666549,H666,48.338159189626985
vit_random@c128,FAM13,1,10.0,21.834481519201553,H030,21.834481519201553
vit_random@c128,FAM14,1,10.0,19.738487286996882,H617,19.738487286996882
vit_random@c128,FAM15,1,3.0,44.188176391951785,G190,44.188176391951785
vit_random@c128,FAM16,1,3.0,72.43487735339427,H616,72.43487735339427
vit_random@c128,FAM2,2,3.0,36.95900423534556,H181,38.01418914833658
vit_random@c128,FAM3,2,3.0,42.85893075054551,H615,46.65769549404615
vit_random@c128,FAM4,4,3.0,34.448080966585444,H371,53.65093021886754
vit_random@c128,FAM5,1,10.0,54.98204856533474,H374,54.98204856533474
vit_random@c128,FAM6,1,10.0,35.4136786957421,H516,35.4136786957421
vit_random@c128,FAM7,1,10.0,77.79744539702381,H037,77.79744539702381
vit_random@c128,FAM8,2,10.0,23.146132149528807,H549,34.30964946777604
vit_random@c128,FAM9,1,10.0,56.58880420219913,H126,56.58880420219913
vit_random@c64,FAM1,2,3.0,50.297840248122654,H038,78.84192287685215
vit_random@c64,FAM10,1,3.0,39.146565814292536,F827,39.146565814292536
vit_random@c64,FAM11,1,3.0,35.39110513379395,H405,35.39110513379395
vit_random@c64,FAM12,2,1.0,57.52769215158223,H493,68.50069755322936
vit_random@c64,FAM13,1,1.0,22.237760362070475,H030,22.237760362070475
vit_random@c64,FAM14,1,1.0,41.5302356919303,H617,41.5302356919303
vit_random@c64,FAM15,1,1.0,33.53377155544993,G190,33.53377155544993
vit_random@c64,FAM16,1,3.0,68.65815665772261,H616,68.65815665772261
vit_random@c64,FAM2,2,3.0,16.928010899081684,H181,18.36202946677721
vit_random@c64,FAM3,2,1.0,27.524425493639132,H368,36.692066229291896
vit_random@c64,FAM4,4,1.0,40.490299649970254,H371,78.84781616271937
vit_random@c64,FAM5,1,3.0,52.086266083985414,H374,52.086266083985414
vit_random@c64,FAM6,1,3.0,44.633272758098315,H516,44.633272758098315
vit_random@c64,FAM7,1,3.0,88.678780904331,H037,88.678780904331
vit_random@c64,FAM8,2,1.0,22.621689430976375,H549,36.6973136676951
vit_random@c64,FAM9,1,10.0,39.03362858671325,H126,39.03362858671325
vit_random@c32,FAM1,2,3.0,45.903469004398815,H038,70.90181879197104
vit_random@c32,FAM10,1,3.0,35.94336327968041,F827,35.94336327968041
vit_random@c32,FAM11,1,3.0,57.56744362066905,H405,57.56744362066905
vit_random@c32,FAM12,2,3.0,33.07216261082566,H493,38.692785842742424
vit_random@c32,FAM13,1,3.0,23.9446193351307,H030,23.9446193351307
vit_random@c32,FAM14,1,3.0,43.869982293735916,H617,43.869982293735916
vit_random@c32,FAM15,1,3.0,22.983361676261023,G190,22.983361676261023
vit_random@c32,FAM16,1,3.0,75.57345731033577,H616,75.57345731033577
vit_random@c32,FAM2,2,3.0,37.30356822912426,H181,52.20901602628877
vit_random@c32,FAM3,2,3.0,32.906088089464035,H615,51.11819781908091
vit_random@c32,FAM4,4,3.0,39.351962734677905,H371,72.3839462997765
vit_random@c32,FAM5,1,3.0,50.988287817014694,H374,50.988287817014694
vit_random@c32,FAM6,1,3.0,35.36675837910072,H516,35.36675837910072
vit_random@c32,FAM7,1,3.0,55.59430286210917,H037,55.59430286210917
vit_random@c32,FAM8,2,3.0,14.63690690115133,H668,19.5713163201465
vit_random@c32,FAM9,1,3.0,40.415350478035215,H126,40.415350478035215
dinov2@c256,FAM1,2,300.0,83.47942373319371,H038,124.24114520414713
dinov2@c256,FAM10,1,300.0,48.39641579582878,F827,48.39641579582878
dinov2@c256,FAM11,1,300.0,109.18684275588747,H405,109.18684275588747
dinov2@c256,FAM12,2,300.0,27.337364013875202,H493,34.29174937470998
dinov2@c256,FAM13,1,300.0,25.925520331968062,H030,25.925520331968062
dinov2@c256,FAM14,1,300.0,28.55898831342533,H617,28.55898831342533
dinov2@c256,FAM15,1,100.0,50.71027932673134,G190,50.71027932673134
dinov2@c256,FAM16,1,300.0,73.71345989352619,H616,73.71345989352619
dinov2@c256,FAM2,2,300.0,23.894645716201623,H181,25.56169971883915
dinov2@c256,FAM3,2,300.0,17.254485432603577,H368,22.234902048390392
dinov2@c256,FAM4,4,300.0,14.45395052818168,H367,25.85034979620405
dinov2@c256,FAM5,1,300.0,45.57351311718026,H374,45.57351311718026
dinov2@c256,FAM6,1,300.0,57.22739115111353,H516,57.22739115111353
dinov2@c256,FAM7,1,300.0,67.23421495000689,H037,67.23421495000689
dinov2@c256,FAM8,2,300.0,68.39289909083894,H668,70.58654088271417
dinov2@c256,FAM9,1,300.0,58.86583104900104,H126,58.86583104900104
dinov2@c128,FAM1,2,100.0,84.77130652421609,H038,118.48261701847653
dinov2@c128,FAM10,1,300.0,53.85750402182609,F827,53.85750402182609
dinov2@c128,FAM11,1,100.0,113.17114510626081,H405,113.17114510626081
dinov2@c128,FAM12,2,100.0,25.66032144941967,H666,35.270819205244585
dinov2@c128,FAM13,1,100.0,25.263767095778526,H030,25.263767095778526
dinov2@c128,FAM14,1,100.0,27.29205067672649,H617,27.29205067672649
dinov2@c128,FAM15,1,100.0,24.480294355897595,G190,24.480294355897595
dinov2@c128,FAM16,1,100.0,80.61301653962443,H616,80.61301653962443
dinov2@c128,FAM2,2,100.0,27.72182367391084,H181,29.577463458349904
dinov2@c128,FAM3,2,100.0,16.535574460151697,H368,20.026953155283678
dinov2@c128,FAM4,4,100.0,14.926924158095211,H366,23.103213433784656
dinov2@c128,FAM5,1,100.0,48.327430083916994,H374,48.327430083916994
dinov2@c128,FAM6,1,100.0,50.12312334569712,H516,50.12312334569712
dinov2@c128,FAM7,1,100.0,66.15123171794676,H037,66.15123171794676
dinov2@c128,FAM8,2,300.0,65.8799489529068,H668,66.35042245445149
dinov2@c128,FAM9,1,100.0,49.54248877433515,H126,49.54248877433515
dinov2@c64,FAM1,2,300.0,82.28995882580602,H038,130.89264418821452
dinov2@c64,FAM10,1,300.0,63.013200361718575,F827,63.013200361718575
dinov2@c64,FAM11,1,300.0,103.72992939520103,H405,103.72992939520103
dinov2@c64,FAM12,2,300.0,29.480355132811148,H666,37.431680047044026
dinov2@c64,FAM13,1,300.0,30.752655202798188,H030,30.752655202798188
dinov2@c64,FAM14,1,300.0,29.566325290111298,H617,29.566325290111298
dinov2@c64,FAM15,1,300.0,20.64765041439341,G190,20.64765041439341
dinov2@c64,FAM16,1,300.0,74.76186096970838,H616,74.76186096970838
dinov2@c64,FAM2,2,300.0,24.468197936249883,H181,25.830575215270848
dinov2@c64,FAM3,2,300.0,17.23087541102062,H368,22.267571061864736
dinov2@c64,FAM4,4,300.0,15.983266970613851,H366,25.744471665799615
dinov2@c64,FAM5,1,300.0,55.24183263031168,H374,55.24183263031168
dinov2@c64,FAM6,1,300.0,45.17085221970494,H516,45.17085221970494
dinov2@c64,FAM7,1,300.0,68.93112061695822,H037,68.93112061695822
dinov2@c64,FAM8,2,300.0,72.75099113767826,H668,76.34481654948078
dinov2@c64,FAM9,1,300.0,43.83607834536015,H126,43.83607834536015
dinov2@c32,FAM1,2,100.0,69.39327308770568,H038,104.4390941275052
dinov2@c32,FAM10,1,300.0,52.52684126142208,F827,52.52684126142208
dinov2@c32,FAM11,1,300.0,98.70774999508012,H405,98.70774999508012
dinov2@c32,FAM12,2,300.0,28.559030361523313,H666,34.31287903849776
dinov2@c32,FAM13,1,300.0,35.365342011590954,H030,35.365342011590954
dinov2@c32,FAM14,1,300.0,29.02804442683858,H617,29.02804442683858
dinov2@c32,FAM15,1,0.03,51.13156226272266,G190,51.13156226272266
dinov2@c32,FAM16,1,300.0,68.98605929831554,H616,68.98605929831554
dinov2@c32,FAM2,2,300.0,22.59697102111777,H181,24.230681101885082
dinov2@c32,FAM3,2,100.0,26.250959856626466,H368,36.06706890204568
dinov2@c32,FAM4,4,100.0,18.989104464517702,H366,25.580494713012765
dinov2@c32,FAM5,1,300.0,52.088233387111444,H374,52.088233387111444
dinov2@c32,FAM6,1,100.0,70.95492013002317,H516,70.95492013002317
dinov2@c32,FAM7,1,300.0,66.20418741888216,H037,66.20418741888216
dinov2@c32,FAM8,2,300.0,74.73917665600244,H668,84.03749686778434
dinov2@c32,FAM9,1,300.0,32.919992706080194,H126,32.919992706080194
