arm,n_feat,camera_shift_z,sharpness_shift_z
M1,12,1.2140680433972537,0.7135191992748023
vit_random@c256,384,1.2616122021790643,0.3212303536172579
vit_random@c128,384,1.244796447450298,0.3340267965259973
vit_random@c64,384,1.2629670349289335,0.35567692678573337
vit_random@c32,384,1.2975934461564913,0.3881230550280899
dinov2@c256,384,0.6196337647658289,0.2315119922702639
dinov2@c128,384,0.7244060954117089,0.37850230399428747
dinov2@c64,384,0.8055569121907643,0.7439284482654128
dinov2@c32,384,0.973055720006843,1.116505599987738
