arm,label,backend,crop_px,patch_mm,window_mm,n_feat,nested_in_domain,median,worst,oracle_alpha,oracle_emd,parsimony_alpha,grid_spread
M1,M1,M1,256,3.514539922050598,56.23263875280957,12,43.02173087964769,39.76426945520306,104.73097340262302,3.0,41.14751586569819,30.0,51.871558619846176
dinov2@c32,D@32,dinov2,32,0.43931749025632477,7.029079844101196,384,44.872840530087046,34.85639702974855,104.4390941275052,300.0,41.6081245085304,1000.0,51.1797042887567
dinov2@c64,D@64,dinov2,64,0.8786349805126495,14.058159688202393,384,43.834388758993875,32.21996433309785,130.89264418821452,300.0,43.834388758993875,1000.0,48.953196690569165
dinov2@c128,D@128,dinov2,128,1.757269961025299,28.116319376404785,384,43.319487436316706,32.424141331797244,118.48261701847653,100.0,41.914633043148385,1000.0,50.873665795629705
dinov2@c256,D@256,dinov2,256,3.514539922050598,56.23263875280957,384,44.330245615450906,38.50472581847514,124.24114520414713,300.0,43.1917314645676,1000.0,49.617285819745526
vit_random@c32,R@32,vit_random,32,0.43931749025632477,7.029079844101196,384,38.63746531919636,35.655060829390564,75.57345731033577,3.0,38.63746531919636,30.0,54.28722200752416
vit_random@c64,R@64,vit_random,64,0.8786349805126495,14.058159688202393,384,40.69541910812804,36.6946899484935,88.678780904331,3.0,39.364909657909955,100.0,53.52858643223991
vit_random@c128,R@128,vit_random,128,1.757269961025299,28.116319376404785,384,42.355726388532844,41.06422630224003,82.52421315470423,10.0,41.54961980909434,100.0,51.31223160560546
vit_random@c256,R@256,vit_random,256,3.514539922050598,56.23263875280957,384,39.77693008453303,30.41406553721475,76.57780968548576,0.03,39.77693008453303,100.0,53.0756788609411
