cell,n_feat,alpha,Mot>Sam:real,Sam>Mot:real,Mot>Sam:res14,Mot>Sam:res16,Sam>Mot:res14,Sam>Mot:res16,CAM+RES,CAM,LOGO-CV
A core,5,0.03,47.49225027685473,50.98767642370264,56.96478651829904,60.01125314647538,47.64267717244242,55.5286398850415,55.036839180564584,49.239963350278686,43.971038979918866
A core,5,0.1,47.39182144641038,51.6205443710359,59.13885956863704,62.57613781654597,51.947102882124724,64.73524202513133,59.59933557310976,49.50618290872314,43.243389121660535
A core,5,0.3,48.19683671819861,52.20461833576389,61.77305507270432,65.6914875586249,56.2163715861237,71.50745011352558,63.79709108274462,50.200727526981254,42.693635357353905
A core,5,1.0,49.622507315407084,50.83273012277908,63.183226922024005,67.39627331984725,56.83633543520515,71.49666024743969,64.72812398112902,50.22761871909309,42.465119633814034
A core,5,3.0,50.15129115126003,49.11560247295477,60.837063915464135,64.60590576428565,54.90564498700746,66.68220917988471,61.75770596166049,49.6334468121074,42.51155120199843
A core,5,10.0,50.650178399833585,47.18358600839248,56.30039443710476,58.21817601036772,52.788254986352406,59.27441186407952,56.6453093244761,48.91688220411304,43.78134535237391
A core,5,30.0,55.95405605786038,50.00333024644583,57.15496632804843,57.90434497834628,54.724084064074795,57.25510566611656,56.75962525914652,52.9786931521531,50.04580038313393
A core,5,100.0,70.32170773017353,66.69499794076268,70.5416206581679,70.81612222620113,69.55914612769169,70.58726427444206,70.3760383216257,68.5083528354681,65.96202329732648
A core,5,300.0,82.50123087541168,81.23184531259723,82.62955620701383,82.7702350874875,82.31350950976312,82.70780906600345,82.60527746756698,81.86653809400445,79.89059590290837
A core,5,1000.0,89.67052511011944,89.28897953406216,89.73214015038994,89.78348220483261,89.642961918591,89.7749970529934,89.73339533170173,89.4797523220908,88.3438568680881
B core+freq,7,0.03,43.927633396452805,48.48170248168754,137.44882936099006,198.77321497013222,68.16063049897623,120.41658378191657,131.19981465300376,46.20466793907018,48.64222148190034
B core+freq,7,0.1,48.99088852840936,45.64957940503299,94.58176800759503,172.29280683371826,70.91297734246685,81.25484760596505,104.76059994743629,47.320233966721176,46.24260878971044
B core+freq,7,0.3,53.285281083920935,46.630648396563956,78.44851666413065,146.27465696734095,72.0020784339537,82.6963094835105,94.85539038723394,49.957964740242446,44.87346269629114
B core+freq,7,1.0,55.26720072617189,46.733560487901585,79.04096683632969,120.91194543366083,71.82704761598764,82.72140759710578,88.62534187077098,51.00038060703674,44.23385173562827
B core+freq,7,3.0,55.66349240796893,46.59551946254086,80.03975054937736,113.60731009422798,70.73820581632356,81.88515216338155,86.56760465582761,51.1295059352549,44.05244204306706
B core+freq,7,10.0,55.938705232824596,46.81844249919116,78.15649850449945,109.89222190350317,69.88968281800561,79.81641110023224,84.43870358156012,51.378573866007876,45.09385155123241
B core+freq,7,30.0,58.166838243345516,50.31146008001357,76.24443945312618,102.77180799278851,71.37233102842154,78.96293562810375,82.33787852561,54.23914916167954,51.32058652642877
B core+freq,7,100.0,67.80430056702161,64.91886537085628,78.56154820317897,90.84599219319058,74.41781986288905,79.98115893441258,80.9516297984178,66.36158296893895,67.06550671582814
B core+freq,7,300.0,81.31614804294762,80.73802502123976,85.45538126134667,88.4842528608882,81.78025708506486,82.93893593950328,84.66470678670075,81.02708653209369,80.43168202467956
B core+freq,7,1000.0,89.3245865405788,89.19711082259576,90.47986729474779,91.3640305565763,89.34245916789557,89.4564743029027,90.16070783053058,89.26084868158728,88.54065510080302
C core+colour,12,0.03,82.36220999313183,94.88027745395141,83.89772078368762,87.21151667019193,51.560225543939026,62.99318509095116,71.41566202219244,88.62124372354162,53.79788268275545
C core+colour,12,0.1,76.92628258223314,75.52731986609108,73.36277480035743,75.80288691581029,52.07589399072039,62.003992375788584,65.81138702066917,76.2268012241621,48.34509836796198
C core+colour,12,0.3,70.81440417828695,56.50720061481535,64.2117240865551,64.94186405741372,52.261556361709665,61.06222964663991,60.6193435380796,63.66080239655115,43.918236580136664
C core+colour,12,1.0,68.13540390954007,47.116519356036804,62.47443448444725,62.074352477326556,50.91845920405236,56.69494083783339,58.04054675091489,57.62596163278844,41.275679359765775
C core+colour,12,3.0,63.86636703309547,45.42205805116504,59.37047337468059,58.90030875393913,49.58168088878193,52.772043088548735,55.1561265264876,54.644212542130255,41.1475158656982
C core+colour,12,10.0,57.390482741173464,47.12622058658195,54.12228264863037,53.811005263390015,48.732715229988784,50.82089870120234,51.87172546080288,52.258351663877704,45.652278442400025
C core+colour,12,30.0,58.96156829329991,51.84309482895482,57.26431064630266,57.35829831740174,52.13756622096794,53.17262754266244,54.983200681833694,55.40233156112737,51.70090238135678
C core+colour,12,100.0,68.33391203671512,64.78370191089618,67.80151181961912,68.06630236197228,64.32036934713005,64.6958695471832,66.22101326897617,66.55880697380564,64.87054442080243
C core+colour,12,300.0,79.71015709602152,79.13930150250538,79.5064932053193,79.62996516725703,78.44443750150319,78.53333925361078,79.02855878192257,79.42472929926345,78.18744183570583
C core+colour,12,1000.0,88.23709433581581,88.26169255119987,88.1651183222918,88.21071573197409,87.89755884342205,87.90930509617871,88.04567449846667,88.24939344350784,87.40812385381105
D core+freq+colour,14,0.03,59.67594540152674,110.78110371616566,155.1460400089351,199.50998321159074,69.72748013571474,152.0734124310597,144.11422894682508,85.2285245588462,55.43885654147538
D core+freq+colour,14,0.1,54.53617218532239,93.93967147939028,130.0545139397811,175.1173340144849,70.76499969511049,75.60394108824796,112.88519718440611,74.23792183235634,50.16687932065067
D core+freq+colour,14,0.3,50.92770798338176,73.68138228525831,103.22563581444012,151.7562809421989,75.41129578058161,77.33943787951196,101.93316260418314,62.30454513432004,45.52454745237793
D core+freq+colour,14,1.0,50.08364411227743,57.56171024413282,91.03789129954588,123.7935837725306,73.42108350865956,78.19116328912422,91.61093046746507,53.822677178205126,42.65560761979764
D core+freq+colour,14,3.0,47.361690957624425,53.26611162164777,86.08162507446407,114.16327259914586,68.58936042246275,75.14320045434553,85.99436463760455,50.31390128963609,42.71395313144737
D core+freq+colour,14,10.0,45.821641435478526,52.64707729431546,79.80184883703508,111.40745072644657,65.85159131655324,70.56281021573302,81.90592527394197,49.23435936489699,46.93171199626468
D core+freq+colour,14,30.0,50.99021588633069,54.709720984706316,75.72641623333008,105.18334190262729,65.82446349756499,69.78221471847053,79.12910908799822,52.849968435518505,52.62213539866159
D core+freq+colour,14,100.0,63.446049729204255,64.60094922372836,77.5290747304411,89.97174219453852,69.08074335534775,72.00519496307483,77.14668881085055,64.02349947646631,65.8013215601863
D core+freq+colour,14,300.0,78.05203220010874,78.74734991548519,82.64684463088747,86.57580573076275,77.62559244929945,78.27482778443802,81.28076764884692,78.39969105779696,78.67938239771063
D core+freq+colour,14,1000.0,87.78089848903622,88.17091402381254,89.05539269755613,90.0220156398741,87.58843891455282,87.51118710339708,88.54425858884503,87.97590625642438,87.59791995697094
