,camera_shift_z,sharpness_shift_z,family
e4,0.4349547667530751,0.14633462540088518,core
e8,0.1807281591745442,0.026990550503880686,core
e16,0.14201512013156525,0.03755544883901238,core
lum_sd,0.9439254795503422,1.100539709109364,core
grad_mean,2.0807033223354714,2.9204976791720996,core
spec_centroid_cpm,2.3549407327412286,4.955539702350444,freq
dom_wavelength_mm,2.3889492219543174,3.6680096444082504,freq
R,1.99983823808371,0.3408538284025229,colour
G,1.7454901916562306,0.3635017913320901,colour
B,1.1644092254652727,0.42048255102254084,colour
sat,1.5672006243662442,0.03616357024877434,colour
lum_p10,1.286586915148367,0.5460512860863428,colour
lum_p50,1.5530778880536955,0.7455910092774549,colour
lum_p90,1.469886590048526,1.5971524164601556,colour
