feature_set,alpha,raw_LOGO-CV,n_LOGO-CV,raw_CAM,n_CAM,raw_RES,n_RES,raw_CAM+RES,n_CAM+RES
16 (as E1),0.03,36.48063431645485,24,195.95034539992545,21,183.06803147262275,23,205.3379914264155,21
16 (as E1),0.1,35.98682060365591,24,190.9086956980919,21,161.05278821355284,23,186.04194464741195,21
16 (as E1),0.3,38.9065767195163,24,188.9272337128182,21,131.1874695301796,23,184.65351345584378,21
16 (as E1),1.0,40.873789178956635,24,188.37750407214503,21,102.21626251642353,23,185.2622895816336,21
16 (as E1),3.0,44.3758536055758,24,183.80027151594737,21,92.23255620839474,23,182.35566444971712,21
16 (as E1),10.0,47.462773701536605,24,174.29067260744213,21,84.79957341742235,23,170.36891975140796,21
16 (as E1),30.0,52.293552206820586,24,157.19577347090473,21,79.53027238878244,23,149.57226181081077,21
16 (as E1),100.0,65.27846784174726,24,106.80368720571529,21,80.98340525198806,23,91.02476202365126,21
16 (as E1),300.0,78.34013783499363,24,82.20313149562166,21,86.46993112934379,23,82.47569474466248,21
16 (as E1),1000.0,87.44316697310528,24,88.28706878422928,21,91.3234795186827,23,88.97985017555159,21
14 (defect-fixed),0.03,55.43885654147547,24,59.67594540152634,21,179.03662781592155,23,155.14604000893573,21
14 (defect-fixed),0.1,50.16687932065067,24,54.53617218532215,21,150.2989975741901,23,130.05451393978078,21
14 (defect-fixed),0.3,45.5245474523779,24,50.927707983381715,21,118.02915334623155,23,103.22563581443997,21
14 (defect-fixed),1.0,42.65560761979763,24,50.08364411227744,21,97.05668709200181,23,91.0378912995459,21
14 (defect-fixed),3.0,42.713953131447376,24,47.36169095762442,21,93.43795574446358,23,86.08162507446406,21
14 (defect-fixed),10.0,46.93171199626468,24,45.82164143547851,21,87.59251176285542,23,79.80184883703508,21
14 (defect-fixed),30.0,52.622135398661605,24,50.99021588633069,21,83.32116787920243,23,75.72641623333008,21
14 (defect-fixed),100.0,65.8013215601863,24,63.446049729204255,21,83.54525423189459,23,77.52907473044111,21
14 (defect-fixed),300.0,78.67938239771063,24,78.05203220010874,21,87.58492391281371,23,82.64684463088746,21
14 (defect-fixed),1000.0,87.59791995697094,24,87.78089848903622,21,91.71057225994198,23,89.05539269755613,21
