feature,train_mean,train_sd,train_lo,train_hi,train_range,test_min,test_max,n_test_outside,excess_x_range,mean_shift_sd
e4,6.37089387824138,2.0450476890400426,3.3273269534111023,9.983126401901243,6.655799448490141,3.305893421173096,7.058634996414185,1,0.003220279157129399,-0.6604123558408446
e8,5.574215717613697,2.752228975738474,2.1174800395965576,9.605713844299316,7.488233804702759,2.381985664367676,7.561850547790527,0,0.0,-0.5815654516015241
e16,4.377260907242696,2.7941486696475266,1.231630563735962,8.578688144683838,7.347057580947876,1.6248849630355835,8.27148151397705,0,0.0,-0.38256879017682927
R,161.49601652979464,9.138119738239919,142.7265681482367,178.25281795165262,35.52624980341591,149.98978355896975,174.80232132842303,0,0.0,0.19258328696112417
G,151.8968769239099,8.559050804429958,137.5192723945616,164.55493394554875,27.035661550987157,146.35532909631297,175.2865055906418,3,0.39694133708746665,1.0942305120913418
B,135.78848369665806,7.165090317163966,114.92919371073548,146.25013007735268,31.320936366617204,140.21395865131123,169.60101352474538,8,0.7455359307929497,2.630953429094149
sat,0.16118382181351376,0.06552765428675285,0.0792879108339547,0.325542002916336,0.2462540920823813,0.0358189344406127,0.1240096092224121,8,0.1765208286520574,-1.5015281382949792
lum_p10,104.02777777777777,18.60465675087921,71.66666666666667,135.0,63.33333333333333,87.0,140.66666666666669,1,0.08947368421052662,0.9234545837425162
lum_p50,153.13888888888889,6.33917858915374,140.0,162.0,22.0,140.66666666666669,175.75,3,0.625,0.8233628964760265
lum_p90,187.47222222222217,7.896624770731237,170.33333333333334,201.66666666666663,31.333333333333286,191.5,212.41666666666663,3,0.34308510638297923,1.3363656098858268
lum_sd,30.913761160371767,7.86080111897739,18.70698745902177,42.42203431720674,23.715046858184966,20.19435638539096,40.11960098761233,0,0.0,-0.2842304905395848
grad_mean,23.04464818179733,4.728475011639075,15.823701512464488,34.71907681752248,18.89537530505799,17.156834658643913,32.314966614901024,0,0.0,0.13420750164966427
spec_centroid_cpm,1.9596203719416083,0.09501329206998715,1.7854745286758904,2.0953705810044543,0.3098960523285639,1.8014112634192128,1.98381165800794,0,0.0,-0.6589652941425537
dom_wavelength_mm,0.5116189386127833,0.025175009324429336,0.4777236831374666,0.5600832549907833,0.08235957185331666,0.5040808933115825,0.5551867546516355,0,0.0,0.640895251931875
soil_fraction,0.9999277083333333,0.00026725650911936624,0.99876,1.0,0.0012400000000000189,0.828625,1.0,1,137.20564516128826,-63.870131319081864
crop_area_fraction,0.7966054583333332,0.06530962177413673,0.69486,0.8567155,0.16185549999999993,0.8194175,1.0,8,0.8852618539376178,1.2548425398954188
