sample_id,cv_family,logD50,D50_mm,family_size
F827,FAM10,-1.670752803930038,0.0213425936654484,1
G190,FAM15,-1.2065004932383296,0.0621583541805256,1
H030,FAM13,-0.985160820698762,0.1034758921036857,1
H037,FAM7,-0.0891388165359508,0.8144439160940196,1
H038,FAM1,0.3862822945934473,2.4337854734160445,2
H126,FAM9,-1.4561191624022969,0.0349849161695252,1
H181,FAM2,0.4865090170552884,3.0655543274504624,2
H183,FAM2,0.5651709184627635,3.674268744753933,2
H366,FAM4,0.6804089969695681,4.790810546813816,4
H367,FAM4,0.6805082819233153,4.791905909057172,4
H368,FAM3,0.7871855887058824,6.126121256568965,2
H371,FAM4,0.6372020700494321,4.337126307715737,4
H372,FAM4,0.6613592647607227,4.585210357487079,4
H374,FAM5,0.7716473578364876,5.910814878419663,1
H405,FAM11,-1.6485366818662988,0.0224627704041524,1
H493,FAM12,-1.227062872960294,0.0592839492791597,2
H516,FAM6,0.2540223817998834,1.7948261226059148,1
H549,FAM8,-1.522655057676828,0.0300154557722211,2
H615,FAM3,0.7274319606490554,5.338656282186335,2
H616,FAM16,-0.676279212135471,0.2107272928129369,1
H617,FAM14,-1.005301685668707,0.0987866627862514,1
H637,FAM1,0.4040439369527022,2.535385118816172,2
H666,FAM12,-1.164742897765365,0.0684316642688032,2
H668,FAM8,-1.5166607098014402,0.0304326162877334,2
