sample_id,M1,dinov2@c256,vit_random@c256,fuse@c256,shuf@c256,fr@c256,fuse@c128,fuse@c64,fuse@c32,cv_family,D50_mm,soil_group
H038,104.73097340262302,124.24114520414714,65.93927245245524,124.16034284993172,78.98314823221276,69.06922732961695,117.81352276532763,130.60756750643478,104.122242580637,FAM1,2.4337854734160445,coarse
H637,33.46265836186023,42.71770226224032,15.029569979059827,43.34937137858883,25.61072837511165,24.898491051557304,51.976946401259646,34.04442963753326,35.069127952437825,FAM1,2.535385118816172,coarse
F827,56.97657725872069,48.39641579582878,10.391684764692782,48.72629135040803,21.774007320687232,10.588116830666431,54.52361101331658,63.729578168812395,52.69599748417577,FAM10,0.021342593665448436,fines
H405,70.3378631971656,109.18684275588748,33.98964717357894,108.49726642641384,97.93931898199381,38.907289349916,111.79178542911706,103.10080580090943,97.71361057877512,FAM11,0.02246277040415249,fines
H493,32.79016163919695,34.29174937470997,76.57780968548579,34.431695054246035,53.22583608553667,64.00980213467658,15.473686345938013,21.372946017106056,21.91286730383019,FAM12,0.05928394927915971,fines
H666,43.74004961867897,20.38297865304043,61.045394137306246,20.507463253783136,48.28527640491214,61.92752386766494,36.35896275020273,37.54670764830276,34.71123131919848,FAM12,0.06843166426880329,fines
H030,34.31933927303793,25.925520331968034,19.196973762523037,26.172788195001665,39.76618722360323,20.374313957231003,25.402371262378384,30.842705802668483,35.57786465208495,FAM13,0.10347589210368574,fines
H617,36.26180367222815,28.5589883134253,25.791438270271946,28.800989050761963,22.28995800360178,38.0385567262975,27.42730502442134,29.44490634430005,26.26874613978747,FAM14,0.09878666278625141,fines
G190,7.27196696973094,50.71027932673136,25.440388221253894,22.630728732940238,39.374584754274366,20.71813776144741,24.153611820885605,20.578830962194125,45.63530373890471,FAM15,0.06215835418052568,fines
H616,79.384961807758,73.71345989352619,67.97726181552451,73.80547185804821,75.4376769228838,76.11824042182329,80.56514103651583,74.73292175552447,67.97785537753121,FAM16,0.21072729281293692,mid
H181,23.4689470364411,25.561699718839147,24.00387134028996,25.430656329344433,43.81869639558369,22.992856522020404,30.044360057563612,25.591424851140804,23.897259378425076,FAM2,3.0655543274504624,coarse
H183,20.50653463205956,22.22759171356408,25.08349259501962,21.676330398888446,69.96584992500829,17.605056947998683,25.17861282800066,22.557353532499413,18.33389241568369,FAM2,3.674268744753933,coarse
H368,16.416833171420016,22.234902048390378,16.69027829672324,20.722852073696647,72.65547080567684,18.519390201664095,18.958638336229143,20.693040854712212,42.79508030070725,FAM3,6.126121256568965,coarse
H615,11.23763950940321,12.274068816816746,26.83848390085059,11.80382769734765,32.5893830315469,16.204711448852507,13.790102774603406,12.279026015397761,21.73299493869699,FAM3,5.338656282186335,coarse
H366,50.72595840334367,15.066947024838733,18.881143231907323,18.67501232043257,61.83395437354058,35.33373791553528,26.76399672658645,28.70030429335255,27.457919831919153,FAM4,4.790810546813816,coarse
H367,41.049599693154505,25.850349796204014,16.30240106337945,27.69200171038812,52.80523495316771,33.14988955955021,17.265389882407646,27.231941064815697,22.168344557782287,FAM4,4.791905909057172,coarse
H371,44.66305391411488,9.337025880135858,74.82253581604937,8.687059234115706,22.91029764956191,78.12581757237547,11.720079685022343,5.883590169519881,7.665438224722973,FAM4,4.337126307715737,coarse
H372,23.48077635177711,7.561479411548075,18.828640564452847,7.489419654299742,87.95930276514714,22.06135963405147,8.63205376917721,6.722957145007838,19.143786203549006,FAM4,4.585210357487079,coarse
H374,48.028158118102446,45.573513117180276,54.83784658094297,47.882905389011185,136.86339197262058,56.56903552034058,49.17002348695783,57.10219745824021,52.43452590835441,FAM5,5.910814878419663,coarse
H516,38.176593922464725,57.22739115111356,61.13426558349765,58.75078745013841,46.760339429835604,43.58787561892195,52.23666564490405,45.39992659316773,70.9441605125746,FAM6,1.7948261226059148,coarse
H037,73.90808847456681,67.23421495000693,69.40631498681697,66.655066549408,37.60103390017286,64.16672920286436,64.81319762108828,68.35721950085191,65.90770317337837,FAM7,0.8144439160940196,mid
H549,38.47893921725181,66.1992572989638,68.12967248958427,65.49694369516608,12.356878927888506,49.80808936951812,64.82086688748068,68.51898794433049,65.04635540810466,FAM8,0.030015455772221193,fines
H668,48.69680592016119,70.58654088271422,35.46682097575228,69.58823362641482,68.02766309083276,21.60732434363572,65.08673562363931,75.28149300715461,82.94036232714454,FAM8,0.03043261628773347,fines
H126,54.40725754628332,58.86583104900103,42.841114341369035,60.718961751049726,21.402669702291846,37.837606486336895,53.5740937818,45.833405869215646,32.20020678614598,FAM9,0.03498491616952528,fines
