file,backend,crop,view,rows,cols,dtype,bytes,min_abs_row_norm,sha256,paths_sha256
embed_dinov2_c256_256_010f44c36c74_20260930.npy,dinov2,256,real,1976,384,float64,6229484,0.9999999999999998,578bd0dbb4a4c06577bdb419bb291b72e82d836a4a71aede918cc4180f199dc7,6f96ff334838a8ac890f2b65a13b20c1dbca1e964e84958c04dea4352a92214c
embed_dinov2_c256_256_010f44c36c74_20260930_res14.npy,dinov2,256,res14,1541,384,float64,4845334,0.9999999999999998,4a80c69166ba7ce0daefb2d16a636dfd2842c1ddbb81ba96a341bd567170241f,a6d4654c0bc287246cd9ef42a16d5066f66a3b6b61a4934957f956eb4ce7fda9
embed_dinov2_c256_256_010f44c36c74_20260930_res16.npy,dinov2,256,res16,1541,384,float64,4845334,0.9999999999999998,e0ccaf33d4090ccb872731f0b8faae6240665677f3a35c04e0a86798fe57a14c,a6d4654c0bc287246cd9ef42a16d5066f66a3b6b61a4934957f956eb4ce7fda9
embed_dinov2_c128_256_010f44c36c74_20260930.npy,dinov2,128,real,1976,384,float64,6229484,0.9999999999999998,876017a4daedd72a44ecb2737d4f1ad5ff7951fdac55053660763ff831b47dab,6f96ff334838a8ac890f2b65a13b20c1dbca1e964e84958c04dea4352a92214c
embed_dinov2_c128_256_010f44c36c74_20260930_res14.npy,dinov2,128,res14,1541,384,float64,4845334,0.9999999999999998,7706e455776407e7bedb40b3b6429285c0eb8b393811b83fb47ed4393c58e5f9,a6d4654c0bc287246cd9ef42a16d5066f66a3b6b61a4934957f956eb4ce7fda9
embed_dinov2_c128_256_010f44c36c74_20260930_res16.npy,dinov2,128,res16,1541,384,float64,4845334,0.9999999999999998,567deacae01abb3adfa66406e6ad607ae5c3b2c7a471deea02e53ec6093d7383,a6d4654c0bc287246cd9ef42a16d5066f66a3b6b61a4934957f956eb4ce7fda9
embed_dinov2_c64_256_010f44c36c74_20260930.npy,dinov2,64,real,1976,384,float64,6229484,0.9999999999999998,c7c897bfcf88db52fff860ed18c9516ade17075a563f0d79278ca90d209212eb,6f96ff334838a8ac890f2b65a13b20c1dbca1e964e84958c04dea4352a92214c
embed_dinov2_c64_256_010f44c36c74_20260930_res14.npy,dinov2,64,res14,1541,384,float64,4845334,0.9999999999999998,a9d8b1bdcb3757329eebe566d022255e8dc59bd7372b3f231cb27f320284ace2,a6d4654c0bc287246cd9ef42a16d5066f66a3b6b61a4934957f956eb4ce7fda9
embed_dinov2_c64_256_010f44c36c74_20260930_res16.npy,dinov2,64,res16,1541,384,float64,4845334,0.9999999999999998,3e5dad3142ffbca5ce35e242b4d39e84bd9f9d68916f1ce1bc450a6a82398986,a6d4654c0bc287246cd9ef42a16d5066f66a3b6b61a4934957f956eb4ce7fda9
embed_dinov2_c32_256_010f44c36c74_20260930.npy,dinov2,32,real,1976,384,float64,6229484,0.9999999999999998,a056fd3564a9264138ada114364f4f88f466a8a5a87e8abaed15359cbf18c0ca,6f96ff334838a8ac890f2b65a13b20c1dbca1e964e84958c04dea4352a92214c
embed_dinov2_c32_256_010f44c36c74_20260930_res14.npy,dinov2,32,res14,1541,384,float64,4845334,0.9999999999999998,7e1455f1661e5a262edd2e125744d9a50866592500be353fcc622cc7f38b92f5,a6d4654c0bc287246cd9ef42a16d5066f66a3b6b61a4934957f956eb4ce7fda9
embed_dinov2_c32_256_010f44c36c74_20260930_res16.npy,dinov2,32,res16,1541,384,float64,4845334,0.9999999999999998,84b3e75a831bd93b2e1530c3e13549f2d868453551cccc4d53459e334d790dfc,a6d4654c0bc287246cd9ef42a16d5066f66a3b6b61a4934957f956eb4ce7fda9
embed_vit_random_c256_256_010f44c36c74_20260930.npy,vit_random,256,real,1976,384,float64,6229484,0.9999999999999998,e2f015cf1a2c4a468ebd66febd320f9085e0b818a43eb2ed0cbd4e631fc62a3e,6f96ff334838a8ac890f2b65a13b20c1dbca1e964e84958c04dea4352a92214c
embed_vit_random_c256_256_010f44c36c74_20260930_res14.npy,vit_random,256,res14,1541,384,float64,4845334,0.9999999999999998,8d781feb70ef25defed2cd9e7f805e407c77f7493c62364964a51fae49d5cec0,a6d4654c0bc287246cd9ef42a16d5066f66a3b6b61a4934957f956eb4ce7fda9
embed_vit_random_c256_256_010f44c36c74_20260930_res16.npy,vit_random,256,res16,1541,384,float64,4845334,0.9999999999999998,c821a3cd56eaf86f9f6274f2536c6874ff2212f22a9a224a17ba447505003c2c,a6d4654c0bc287246cd9ef42a16d5066f66a3b6b61a4934957f956eb4ce7fda9
