arm,camera_distance,soil_distance,camera_over_soil,blur_over_soil,degenerate
M1,0.003111248282240863,0.0028161349023658163,1.1047937652514885,0.8181756649200836,False
dinov2@c256,0.039196694950180626,0.18749983275103038,0.20904922620505764,0.028595925465744198,False
vit_random@c256,3.926783015153373e-09,2.943701431818673e-09,,,True
fuse@c256,0.003111490473231163,0.002817379631189936,1.1043916264550433,0.8178228686426826,False
shuf@c256,0.0031120273163710577,0.002816866250491171,1.1047834861979762,0.8182185156881066,False
fr@c256,0.0031112549139462016,0.0028161325255655558,1.1047970525894826,0.8181713364612795,False
fuse@c128,0.0031115545575025605,0.002817428195270023,1.1043953356917222,0.8178282146890575,False
fuse@c64,0.0031116118987269113,0.002817430219616588,1.1044148944886227,0.8179149130539772,False
fuse@c32,0.003111664644121323,0.0028171288326446033,1.1045517720253575,0.8181091754321793,False
