arm,n_feat,crop,backend,oracle_alpha,oracle_emd,parsimony_alpha,parsimony_emd,parsimony_is_grid_max,grid_spread,label,nested_in_domain,median,worst
fr@c256,396,256,fr,0.03,39.03466021627898,100.0,47.736681772834835,False,53.81166362159094,FR,39.259132490606795,36.58567220093609,78.12581757237547
vit_random@c256,384,256,vit_random,0.03,39.77693008453283,100.0,52.178776288019684,False,53.0756788609413,R,39.77693008453283,30.414065537214764,76.57780968548579
M1,12,256,M1,3.0,41.1475158656982,30.0,51.70090238135678,False,51.87155861984616,M1,43.0217308796477,39.76426945520316,104.73097340262302
fuse@c256,396,256,fuse,300.0,43.43135275124271,1000.0,48.220801002478915,False,49.37138026519416,FUSE,43.43135275124271,31.616342052504,124.16034284993172
fuse@c128,396,128,fuse,100.0,42.18395995729797,1000.0,47.48218319490778,False,50.59805938171213,FUSE@128,43.647573373117645,33.20166140388317,117.81352276532763
fuse@c64,396,64,fuse,300.0,44.00642783096635,1000.0,48.19000151828246,False,48.77487921338699,FUSE@64,44.00642783096635,32.44356772010087,130.60756750643478
dinov2@c256,384,256,dinov2,300.0,43.19173146456762,1000.0,48.279175021911705,False,49.61728581974551,D,44.330245615450906,38.50472581847515,124.24114520414714
fuse@c32,396,32,fuse,100.0,41.63570614465508,1000.0,46.80000291619117,False,51.14584343002773,FUSE@32,44.76470321227299,35.32349630226139,104.122242580637
shuf@c256,396,256,shuf,0.03,52.926537051153865,100.0,61.08800583851413,False,40.04393379147691,SHUF,52.926537051153865,47.52280791737387,136.86339197262058
