sample_id,cv_family,D50_mm,emd_projected,emd_bare,lam_mm,k,grid_best
F827,FAM10,0.02134259367,2.150273578,2.150273578,0.02834569544,1.020409646,3.292932907
H405,FAM11,0.0224627704,5.818024199,5.818024199,0.04326967146,0.584441707,6.515388887
H549,FAM8,0.03001545577,5.446433872,5.446433872,0.04985002697,0.76508862,5.652883925
H668,FAM8,0.03043261629,8.18456997,8.18456997,0.0459692619,0.9085847571,8.893575732
H126,FAM9,0.03498491617,14.53989899,14.53989899,0.05418662166,0.9317108284,15.45556278
H493,FAM12,0.05928394928,2.43558429,2.43558429,0.08051525828,1.266801914,3.215150373
G190,FAM15,0.06215835418,15.49340769,15.49340769,0.1227972174,0.7190282378,17.45830706
H666,FAM12,0.06843166427,2.690162993,2.690162993,0.09226447034,1.210643448,3.518296874
H617,FAM14,0.09878666279,8.008991929,8.008991929,0.1483350977,0.9959267938,8.963127118
H030,FAM13,0.1034758921,5.575252204,5.575252204,0.1743138008,0.7176101578,7.494350235
H616,FAM16,0.2107272928,3.113716422,3.113716422,0.2345616224,2.714499566,3.985461398
H037,FAM7,0.8144439161,8.700554022,8.806941341,2.073780197,0.3716357594,16.86717523
H516,FAM6,1.794826123,3.070963227,3.070963227,2.42312148,1.051027125,3.571307723
H038,FAM1,2.433785473,6.432876001,6.851694746,5.418959581,0.3905240243,13.60531645
H637,FAM1,2.535385119,10.79093317,11.10666724,5.947274692,0.4198489182,13.15832215
H181,FAM2,3.065554327,2.63582324,2.635823291,4.871738833,0.8066180856,4.412885816
H183,FAM2,3.674268745,4.760226261,4.760226265,5.832258368,0.8802606321,6.35587495
H371,FAM4,4.337126308,10.31207255,10.34089571,7.936262134,0.5926252228,11.05819173
H372,FAM4,4.585210357,11.93766105,11.95260333,8.163409235,0.6268138992,12.23379305
H366,FAM4,4.790810547,11.47343512,11.50768849,7.966929469,0.5853198891,12.34886
H367,FAM4,4.791905909,8.74961171,8.760002055,8.256549871,0.6440316345,8.927413174
H615,FAM3,5.338656282,8.171633197,8.171633339,8.189031018,0.9213061432,8.960765155
H374,FAM5,5.910814878,7.498664123,7.674532905,11.23103029,0.5561324139,11.46565984
H368,FAM3,6.126121257,7.892317309,7.892335958,9.404762467,0.8658609609,9.213541196
