sample_id,cv_family,d_0.002,d_0.0063,d_0.02,d_0.063,d_0.2,d_0.63,d_2,d_6.3,d_20,d_63,d_200,oof_emd
F827,FAM10,6.141383089899621,11.973206281321637,27.660135407370984,57.206658521432665,81.71777955201588,88.88495276818767,90.05528789966009,91.26345441283684,95.90337294724132,99.5072481636144,100.0,56.97657725872069
G190,FAM15,5.429380955388098,10.752747820327633,25.285382412536876,52.46953559132123,75.68692194221889,84.98440091536759,87.6345871029655,91.394482791812,96.45194762703235,99.63690729602698,100.0,7.27196696973094
H030,FAM13,4.926077012088236,9.947768992989435,23.803226720104004,49.91436080912555,72.41014701989256,80.91206032624746,84.38866439282081,89.42517179764631,95.8508001768781,99.59946413208122,100.0,34.31933927303793
H037,FAM7,5.182600877832538,10.174172554510365,23.884872635622017,49.913529958640545,72.65462180292226,81.76813744110846,84.73108443924644,89.39237691954311,95.89741846631118,99.56445654614207,100.0,73.90808847456681
H038,FAM1,4.85786098219058,9.702427357808833,23.022531394780138,47.999304062918895,68.95647587402796,76.85927862280965,80.43850720014808,86.9058405239127,95.63096280109588,99.61301773836952,100.0,104.73097340262302
H126,FAM9,2.4479476714933694,4.999223811601006,12.144500620763603,30.66222271820548,61.836753987768304,82.43790937274045,88.34839078724298,95.73152516689296,98.9593210195383,100.0,100.0,54.40725754628332
H181,FAM2,0.26542627297374866,1.2246072292911663,3.0509470960568326,7.455181088036504,15.897568361477283,24.769836712765994,36.60279070701826,59.17936474695356,85.68978808448826,98.76146758936136,100.0,23.4689470364411
H183,FAM2,0.40207839438933135,1.484548368762308,3.507787040188834,7.354021121232012,13.387380461844579,20.906704940477923,33.40574474855049,57.239316122897264,85.06242422670562,98.71163697470912,100.0,20.50653463205956
H366,FAM4,0.7221948814784898,1.7486435239311389,3.8865171154030147,10.551061104131378,26.66170137501012,44.230506667258155,59.03590680650766,81.50972996534675,95.42834472600187,99.76165754813033,100.0,50.680438840961706
H367,FAM4,0.620984079444276,1.6103982344295025,3.389309639412355,8.414726576113267,20.32724316582828,35.54693820275463,51.549698344952944,76.63839732816287,93.72773759240117,99.52300048381579,100.0,39.741549589956364
H368,FAM3,0.26677758463877277,0.9338790531411423,1.5959457861185324,1.5959457861185324,1.5959457861185324,9.140513278414659,28.490919342773275,60.0790385436716,87.39747227225868,98.96720298352966,100.0,16.416833171420016
H371,FAM4,3.1870207954183543,6.847710374325135,14.671856975304776,23.05526131127686,23.05526131127686,23.05526131127686,24.579472056878934,54.08279189582338,84.40830122261295,97.99648684915985,100.0,29.51641966885443
H372,FAM4,0.0,0.0,0.0,0.0,3.121447775555481,16.996273027985133,36.44349038488858,68.02843934125575,91.06870140008166,99.20501525254952,100.0,23.276756924478548
H374,FAM5,2.9990598657350107,6.239821306140258,13.587157531095123,21.75106177476534,21.75106177476534,21.75106177476534,30.570078607043214,58.44480362924661,87.64966924200543,99.64006638788102,100.0,31.960745637866097
H405,FAM11,4.281011974075675,9.349633947557582,23.32916641299618,49.26830632233346,69.97171621005214,78.66168297942087,83.55537385023379,90.41913302404214,96.67400991717037,99.7513628081224,100.0,70.3378631971656
H493,FAM12,4.629997180329836,9.145792253706786,21.25409880896797,42.5356521253058,68.50905286149104,88.16427889778483,94.29641246503996,100.0,100.0,100.0,100.0,31.75185205418331
H516,FAM6,0.16316080677450762,0.7557897576464088,1.6292202527667357,5.898097884830015,20.875671064669056,37.37309509644695,48.57348931217135,68.81860213515048,90.33328124920247,99.39351826688598,100.0,38.176593922464725
H549,FAM8,4.886318016381532,8.958989921290216,20.476562090455566,45.695032079129376,75.19993022735272,91.08681304643191,95.25616951289459,99.23425998481675,99.77911540259187,100.0,100.0,38.47893921725181
H615,FAM3,0.5270919699677381,1.5123407074838218,2.9943719755711804,3.511172126588818,3.511172126588818,6.97719352442175,25.238808714658738,55.9161717378915,85.30940081593442,98.63753101471768,100.0,11.23763950940321
H616,FAM16,7.016236342748192,13.500870246686725,30.87722023329685,60.30448787464147,80.56976435458064,89.39165036019517,95.4600936291726,100.0,100.0,100.0,100.0,75.63203166865576
H617,FAM14,5.753060290374837,11.262956686699685,25.91877299527756,52.31847329416325,72.46966139874115,80.79290848556691,85.32318564464875,91.39810920350958,96.91781021353657,99.75446030899893,100.0,36.26180367222815
H637,FAM1,0.8225366785612596,1.8143460566447063,3.514266034678954,5.575274671371822,11.046513009449917,23.834979539755174,42.34951706261764,72.07076049478947,93.273761981878,99.8778814972395,100.0,33.46265836186023
H666,FAM12,5.3480193943629315,10.588919202163556,24.50869844746566,47.7991578516281,71.246698662608,86.9711336286791,91.07443737195229,95.4518736822751,98.18872311690566,99.88907990648174,100.0,36.32176482638238
H668,FAM8,4.430310569086883,8.18816061211372,18.7723790360359,42.23697506198007,70.45049467048884,86.13291698629186,90.89651946952586,96.31454022569945,98.79905732853588,99.99492424876505,100.0,48.69680592016119
