arm,backend,fold_family,n_eval_soils,alpha_selected,inner_emd,fold_emd,worst_soil,worst_emd
M1,M1,FAM1,2,3.0,38.6066704096488,69.09681588224163,H038,104.73097340262302
M1,M1,FAM10,1,3.0,40.45929580513201,56.97657725872069,F827,56.97657725872069
M1,M1,FAM11,1,3.0,39.878370329547444,70.3378631971656,H405,70.3378631971656
M1,M1,FAM12,2,1.0,41.54936788075012,38.26510562893796,H666,43.74004961867897
M1,M1,FAM13,1,3.0,41.44439310885735,34.31933927303793,H030,34.31933927303793
M1,M1,FAM14,1,3.0,41.35993813497951,36.26180367222815,H617,36.26180367222815
M1,M1,FAM15,1,3.0,42.62036581769678,7.27196696973094,G190,7.27196696973094
M1,M1,FAM16,1,1.0,39.61875403594002,79.384961807758,H616,79.384961807758
M1,M1,FAM2,2,3.0,42.889313595829826,21.98774083425033,H181,23.4689470364411
M1,M1,FAM3,2,3.0,43.63117764072425,13.827236340411613,H368,16.416833171420016
M1,M1,FAM4,4,1.0,41.534845813599425,39.97984709059754,H366,50.72595840334367
M1,M1,FAM5,1,1.0,40.98209332679462,48.028158118102446,H374,48.028158118102446
M1,M1,FAM6,1,3.0,41.27668638496922,38.176593922464725,H516,38.176593922464725
M1,M1,FAM7,1,3.0,39.72314314357347,73.90808847456681,H037,73.90808847456681
M1,M1,FAM8,2,3.0,40.92566525633381,43.5878725687065,H668,48.69680592016119
M1,M1,FAM9,1,3.0,40.57100535784667,54.40725754628332,H126,54.40725754628332
MOCK,mock,FAM1,2,0.03,87.95336386525634,86.34517169042493,H038,101.36784931612323
MOCK,mock,FAM10,1,0.03,86.53986707744205,117.24740563532156,F827,117.24740563532156
MOCK,mock,FAM11,1,0.03,85.85763494601157,132.93874465822256,H405,132.93874465822256
MOCK,mock,FAM12,2,0.03,88.67135619990593,78.4472560092793,H666,97.37001591046084
MOCK,mock,FAM13,1,0.03,89.44329077285363,50.46866064085528,H030,50.46866064085528
MOCK,mock,FAM14,1,0.03,89.22685758368716,55.44662399168401,H617,55.44662399168401
MOCK,mock,FAM15,1,0.03,87.96674656027523,84.42917753015844,G190,84.42917753015844
MOCK,mock,FAM16,1,0.03,88.23170463421074,78.33514182964178,H616,78.33514182964178
MOCK,mock,FAM2,2,0.03,89.88550056447774,65.09166799898927,H183,77.33827803661936
MOCK,mock,FAM3,2,0.03,84.78338945132255,121.21489024369637,H368,139.60933889376014
MOCK,mock,FAM4,4,0.03,88.23785363626915,85.72681892277646,H366,89.94631151649745
MOCK,mock,FAM5,1,0.03,87.27021219171424,100.44946800706143,H374,100.44946800706143
MOCK,mock,FAM6,1,0.03,89.03583592853083,59.84012206027975,H516,59.84012206027975
MOCK,mock,FAM7,1,0.03,89.28276033761281,54.16086065139413,H037,54.16086065139413
MOCK,mock,FAM8,2,0.03,84.3142343961441,126.37559585065921,H549,130.85669938611017
MOCK,mock,FAM9,1,0.03,88.31185409920968,76.49170413466594,H126,76.49170413466594
