sample_id,M1,MOCK,cv_family,logD50
H038,104.73097340262302,101.36784931612323,FAM1,0.3862822945934473
H637,33.46265836186023,71.32249406472664,FAM1,0.4040439369527022
F827,56.97657725872069,117.24740563532156,FAM10,-1.670752803930038
H405,70.3378631971656,132.93874465822256,FAM11,-1.6485366818662988
H493,32.79016163919695,59.52449610809777,FAM12,-1.227062872960294
H666,43.74004961867897,97.37001591046084,FAM12,-1.164742897765365
H030,34.31933927303793,50.46866064085528,FAM13,-0.9851608206987619
H617,36.26180367222815,55.44662399168401,FAM14,-1.005301685668707
G190,7.27196696973094,84.42917753015844,FAM15,-1.2065004932383296
H616,79.384961807758,78.33514182964178,FAM16,-0.676279212135471
H181,23.4689470364411,52.84505796135916,FAM2,0.4865090170552884
H183,20.50653463205956,77.33827803661936,FAM2,0.5651709184627635
H368,16.416833171420016,139.60933889376014,FAM3,0.7871855887058824
H615,11.23763950940321,102.8204415936326,FAM3,0.7274319606490554
H366,50.72595840334367,89.94631151649745,FAM4,0.6804089969695681
H367,41.049599693154505,88.59356332238578,FAM4,0.6805082819233153
H371,44.66305391411488,81.67924579451865,FAM4,0.6372020700494321
H372,23.48077635177711,82.68815505770394,FAM4,0.6613592647607227
H374,48.028158118102446,100.44946800706143,FAM5,0.7716473578364876
H516,38.176593922464725,59.84012206027975,FAM6,0.25402238179988346
H037,73.90808847456681,54.16086065139413,FAM7,-0.08913881653595085
H549,38.47893921725181,130.85669938611017,FAM8,-1.522655057676828
H668,48.69680592016119,121.89449231520825,FAM8,-1.5166607098014402
H126,54.40725754628332,76.49170413466594,FAM9,-1.4561191624022967
