sample_id,0.002,0.0063,0.02,0.063,0.2,0.63,2,6.3,20,63,200
HPC_Airbus BS6-3,3.444135,6.941181,16.402888,35.918122,58.634445,72.28594,78.903638,88.59546,96.375417,99.782017,100.0
HPC_Audorfring,0.547428,1.499459,4.090145,14.29017,38.370267,57.564679,66.92952,81.888946,94.406631,99.662587,100.0
HPC_Muenster_BS6_9_0-10m,0.0,0.2251,0.840352,3.80022,10.374902,17.67668,29.264658,53.075873,83.711215,98.487361,100.0
HPC_Airbus BS10-4bis7,3.508306,7.063056,16.789422,37.357696,62.186883,76.746672,82.530718,90.659647,96.958795,99.820081,100.0
HPC_Airbus BS12-5bis8,4.03998,8.032387,18.690476,38.907912,58.869759,70.656364,78.081265,88.811101,96.69744,99.846812,100.0
HPC_Kleinkummerfeld 2-2,3.230826,6.393622,15.347204,36.568955,68.876084,90.172851,96.325514,100.0,100.0,100.0,100.0
HPC_Kleinkummerfeld 2-3,2.842438,5.752559,13.987658,34.073516,64.833757,84.473723,90.001471,96.621708,99.201127,100.0,100.0
HPC_Kleinkummerfeld 9-4,3.610605,7.204264,16.88504,36.392445,58.76863,72.84124,80.288238,90.694503,97.426922,99.93537,100.0
HPC_Kleinkummerfeld 18-3,3.088696,6.257236,14.925317,33.945786,58.863388,74.479312,81.015966,90.278448,97.000803,99.854241,100.0
HPC_Testfeld Lidl WHV,1.223008,2.789402,6.252532,12.645766,20.585529,30.339917,44.218003,68.106846,90.260267,99.335773,100.0
