direction,arm,fold,nested_alpha,status,selection_emd,best_emd,grid_spread,oracle_alpha,oracle_status,oracle_emd,oracle_spread,n_fit,n_eval
A,NONE,FAM1,0.1,INTERIOR,42.746067561748454,42.746067561748454,53.964233857093085,1000000.0,CEILING,59.65796057215068,36.48434990122934,22,1
A,CORAL,FAM1,1.0,INTERIOR,44.26728102163566,44.26728102163566,52.4437594302536,1000000.0,CEILING,59.65753861525465,31.349857353812638,22,1
A,MEAN,FAM1,0.1,INTERIOR,42.7460675617485,42.7460675617485,53.96423385709304,1000000.0,CEILING,59.65796057215068,36.48434990122937,22,1
A,CORAL_INDEP,FAM1,0.3,INTERIOR,40.85658500243745,40.85658500243745,55.85458507337422,0.03,FLOOR,40.879523609930516,27.512435337771223,22,1
A,CORAL_SELF,FAM1,0.1,INTERIOR,42.74606756174852,42.74606756174852,53.96423385709302,1000000.0,CEILING,59.65796057215068,36.48434990122937,22,1
A,CORAL_TILE,FAM1,3.0,INTERIOR,40.98360187990823,40.98360187990823,55.72723233850032,0.03,FLOOR,55.49079160958514,46.50154903616764,22,1
A,CORAL_SOIL,FAM1,1.0,INTERIOR,41.541331382442145,41.541331382442145,55.17011057254383,1000000.0,CEILING,59.656571234496155,29.162000451936322,22,1
A,NONE,FAM10,0.3,INTERIOR,50.34492796199594,50.34492796199594,41.78893793282834,0.1,INTERIOR,49.17221591691311,89.33255243588593,22,1
A,CORAL,FAM10,3.0,INTERIOR,49.36018845776517,49.36018845776517,42.774167029641994,0.1,INTERIOR,43.05082316413818,95.45625328198447,22,1
A,MEAN,FAM10,0.3,INTERIOR,50.3449279619959,50.3449279619959,41.78893793282838,0.1,INTERIOR,49.172215916913736,89.3325524358853,22,1
A,CORAL_INDEP,FAM10,10.0,INTERIOR,50.110311963201845,50.110311963201845,42.024047509368295,0.03,FLOOR,20.97817100023767,117.53858267937986,22,1
A,CORAL_SELF,FAM10,0.3,INTERIOR,50.3449279619959,50.3449279619959,41.78893793282838,0.1,INTERIOR,49.17221591691191,89.33255243588712,22,1
A,CORAL_TILE,FAM10,3.0,INTERIOR,45.92357343518256,45.92357343518256,46.21055420345897,0.03,FLOOR,54.861318342801525,83.64583904672159,22,1
A,CORAL_SOIL,FAM10,3.0,INTERIOR,46.30652920876245,46.30652920876245,45.828152495633255,0.1,INTERIOR,42.355848225444475,96.15081336307034,22,1
A,NONE,FAM11,0.03,FLOOR,44.738990716706155,44.738990716706155,47.816767042931744,100.0,INTERIOR,99.64474767777486,29.76994683088452,22,1
A,CORAL,FAM11,1.0,INTERIOR,46.179982053315904,46.179982053315904,46.37612839629369,0.03,FLOOR,81.16716180170347,81.21874389616714,22,1
A,MEAN,FAM11,0.03,FLOOR,44.738990716706276,44.738990716706276,47.81676704293162,100.0,INTERIOR,99.64474767777486,29.76994683088452,22,1
A,CORAL_INDEP,FAM11,3.0,INTERIOR,47.12449185854287,47.12449185854287,45.431992717938584,0.3,INTERIOR,68.65180526466284,75.66405791008884,22,1
A,CORAL_SELF,FAM11,0.03,FLOOR,44.738990716705885,44.738990716705885,47.816767042932014,100.0,INTERIOR,99.64474767777476,29.76994683088462,22,1
A,CORAL_TILE,FAM11,3.0,INTERIOR,45.00663761249286,45.00663761249286,47.54926020034478,30.0,INTERIOR,99.75456966939844,36.556682453836586,22,1
A,CORAL_SOIL,FAM11,1.0,INTERIOR,42.77209663748591,42.77209663748591,49.78452976190926,0.03,FLOOR,85.68720818416612,79.14733452401846,22,1
A,NONE,FAM12,1.0,INTERIOR,50.20721788772052,50.20721788772052,44.14092066256757,100.0,INTERIOR,64.46990519331322,30.32952417065212,21,2
A,CORAL,FAM12,3.0,INTERIOR,48.60596545315439,48.60596545315439,45.743023381390294,0.03,FLOOR,37.53114358311622,66.1381473698854,21,2
A,MEAN,FAM12,1.0,INTERIOR,50.20721788772052,50.20721788772052,44.14092066256757,100.0,INTERIOR,64.46990519331322,30.32952417065212,21,2
A,CORAL_INDEP,FAM12,3.0,INTERIOR,51.68852493676433,51.68852493676433,42.66024050442889,1.0,INTERIOR,78.7094196105253,16.097008175264776,21,2
A,CORAL_SELF,FAM12,1.0,INTERIOR,50.20721788772055,50.20721788772055,44.14092066256753,100.0,INTERIOR,64.46990519331334,30.329524170652007,21,2
A,CORAL_TILE,FAM12,3.0,INTERIOR,44.3909226887,44.3909226887,49.9576642437365,30.0,INTERIOR,57.5205442632101,37.28040852452688,21,2
A,CORAL_SOIL,FAM12,3.0,INTERIOR,46.797080356698366,46.797080356698366,47.55249223918647,0.03,FLOOR,41.43844793100462,59.558902870041436,21,2
A,NONE,FAM13,0.3,INTERIOR,52.52207844836864,52.52207844836864,43.37745528443458,0.03,FLOOR,16.25887397314963,54.46974628791823,22,1
A,CORAL,FAM13,3.0,INTERIOR,51.439136913290874,51.439136913290874,44.461304405628304,0.1,INTERIOR,28.852785675700524,41.87695636790885,22,1
A,MEAN,FAM13,0.3,INTERIOR,52.522078448368646,52.522078448368646,43.377455284434575,0.03,FLOOR,16.258873973149278,54.46974628791858,22,1
A,CORAL_INDEP,FAM13,3.0,INTERIOR,51.226688757571075,51.226688757571075,44.67339121263364,3.0,INTERIOR,63.3002373624505,13.153881655121552,22,1
A,CORAL_SELF,FAM13,0.3,INTERIOR,52.52207844836857,52.52207844836857,43.37745528443465,0.03,FLOOR,16.258873973149605,54.469746287918255,22,1
A,CORAL_TILE,FAM13,3.0,INTERIOR,47.33707540416256,47.33707540416256,48.56290760574882,100.0,INTERIOR,36.04092124748334,34.689783276923905,22,1
A,CORAL_SOIL,FAM13,3.0,INTERIOR,48.86244344997761,48.86244344997761,47.03842257509684,0.1,INTERIOR,21.75481921889033,48.97481924922191,22,1
A,NONE,FAM14,1.0,INTERIOR,47.74287457468381,47.74287457468381,48.534415079740626,0.1,INTERIOR,30.68699541901241,34.939362401573845,22,1
A,CORAL,FAM14,3.0,INTERIOR,44.27665073832392,44.27665073832392,52.00126122982563,0.03,FLOOR,25.592144089292344,40.2051096849887,22,1
A,MEAN,FAM14,1.0,INTERIOR,47.74287457468384,47.74287457468384,48.5344150797406,0.1,INTERIOR,30.686995419012167,34.93936240157409,22,1
A,CORAL_INDEP,FAM14,10.0,INTERIOR,49.70607301923976,49.70607301923976,46.571860131996566,1.0,INTERIOR,43.37925003549646,22.255867834887958,22,1
A,CORAL_SELF,FAM14,1.0,INTERIOR,47.742874574683576,47.742874574683576,48.53441507974086,0.1,INTERIOR,30.686995419014302,34.93936240157195,22,1
A,CORAL_TILE,FAM14,3.0,INTERIOR,42.982334934186596,42.982334934186596,53.29537358297705,10.0,INTERIOR,38.53373813824749,27.09481461743217,22,1
A,CORAL_SOIL,FAM14,3.0,INTERIOR,43.82753963223728,43.82753963223728,52.450748324757406,0.03,FLOOR,15.679386360308582,51.9859363428571,22,1
A,NONE,FAM15,0.3,INTERIOR,51.24504180420647,51.24504180420647,44.55832358137105,0.03,FLOOR,3.71121638935843,67.75040747790503,22,1
A,CORAL,FAM15,1.0,INTERIOR,50.91046833356586,50.91046833356586,44.89352446204465,0.1,INTERIOR,11.694220982782731,59.77001928077568,22,1
A,MEAN,FAM15,0.3,INTERIOR,51.24504180420645,51.24504180420645,44.55832358137107,0.03,FLOOR,3.7112163893571313,67.75040747790632,22,1
A,CORAL_INDEP,FAM15,10.0,INTERIOR,51.629342172456525,51.629342172456525,44.174488112720745,1.0,INTERIOR,33.1765759970425,38.29614820857618,22,1
A,CORAL_SELF,FAM15,0.3,INTERIOR,51.24504180420652,51.24504180420652,44.558323581371,0.03,FLOOR,3.711216389360312,67.75040747790314,22,1
A,CORAL_TILE,FAM15,3.0,INTERIOR,47.47862947579162,47.47862947579162,48.32507241100568,0.1,INTERIOR,28.930033818643988,42.53511710494908,22,1
A,CORAL_SOIL,FAM15,3.0,INTERIOR,48.246792962791865,48.246792962791865,47.557549520453186,0.1,INTERIOR,11.205912546086335,60.25829763820009,22,1
A,NONE,FAM16,0.3,INTERIOR,48.01233371619735,48.01233371619735,47.96769962349606,0.3,INTERIOR,63.34974929686001,15.05506448537767,22,1
A,CORAL,FAM16,3.0,INTERIOR,47.61981919688597,47.61981919688597,48.360862863953926,1000.0,INTERIOR,77.19455057822661,50.03073261421383,22,1
A,MEAN,FAM16,0.3,INTERIOR,48.01233371619735,48.01233371619735,47.96769962349606,0.3,INTERIOR,63.349749296859656,15.055064485378026,22,1
A,CORAL_INDEP,FAM16,10.0,INTERIOR,49.056345772703565,49.056345772703565,46.92432669892983,1000000.0,CEILING,78.40906417510467,19.49258881536474,22,1
A,CORAL_SELF,FAM16,0.3,INTERIOR,48.012333716197446,48.012333716197446,47.96769962349596,0.3,INTERIOR,63.349749296859876,15.055064485377805,22,1
A,CORAL_TILE,FAM16,1.0,INTERIOR,43.6618967645962,43.6618967645962,52.31850317147498,0.1,INTERIOR,52.316467955570104,26.188754222596813,22,1
A,CORAL_SOIL,FAM16,3.0,INTERIOR,45.493024944703365,45.493024944703365,50.488041847887345,1.0,INTERIOR,73.85664841294192,47.208155908400485,22,1
A,NONE,FAM2,0.3,INTERIOR,52.52772148099604,52.52772148099604,43.52748928586539,0.3,INTERIOR,14.96398229748944,79.88729773419699,21,2
A,CORAL,FAM2,3.0,INTERIOR,51.49640929262488,51.49640929262488,44.55914199388567,0.3,INTERIOR,19.268627341479643,75.57921808754945,21,2
A,MEAN,FAM2,0.3,INTERIOR,52.52772148099602,52.52772148099602,43.527489285865414,0.3,INTERIOR,14.963982297489583,79.88729773419685,21,2
A,CORAL_INDEP,FAM2,3.0,INTERIOR,54.59288546415755,54.59288546415755,41.46286413727286,30.0,INTERIOR,32.795627400660976,102.84844636801816,21,2
A,CORAL_SELF,FAM2,0.3,INTERIOR,52.52772148099608,52.52772148099608,43.52748928586536,0.3,INTERIOR,14.963982297489464,79.88729773419696,21,2
A,CORAL_TILE,FAM2,3.0,INTERIOR,49.612438529131865,49.612438529131865,46.44288650211972,0.3,INTERIOR,19.666449001975945,75.1831133044952,21,2
A,CORAL_SOIL,FAM2,3.0,INTERIOR,48.79194531519537,48.79194531519537,47.26387068375815,1.0,INTERIOR,21.3932003692119,95.96315233859897,21,2
A,NONE,FAM3,0.3,INTERIOR,53.39138275512226,53.39138275512226,40.779579881344056,30.0,INTERIOR,16.418313672732538,95.26409639397498,21,2
A,CORAL,FAM3,3.0,INTERIOR,53.439908449621726,53.439908449621726,40.73140713095137,30.0,INTERIOR,15.247099618590799,102.21847314135536,21,2
A,MEAN,FAM3,0.3,INTERIOR,53.391382755122265,53.391382755122265,40.77957988134405,30.0,INTERIOR,16.418313672732562,95.26409639397495,21,2
A,CORAL_INDEP,FAM3,3.0,INTERIOR,53.66535063755472,53.66535063755472,40.50592247806224,30.0,INTERIOR,36.306745858103824,156.17151228189005,21,2
A,CORAL_SELF,FAM3,0.3,INTERIOR,53.39138275512228,53.39138275512228,40.779579881344034,30.0,INTERIOR,16.418313672732594,95.26409639397492,21,2
A,CORAL_TILE,FAM3,3.0,INTERIOR,50.608034432282736,50.608034432282736,43.562937677830305,10.0,INTERIOR,13.593913892663345,98.08732448413497,21,2
A,CORAL_SOIL,FAM3,3.0,INTERIOR,50.454561248047845,50.454561248047845,43.71699794869209,30.0,INTERIOR,11.696319906265199,99.98519520959645,21,2
A,NONE,FAM4,3.0,INTERIOR,54.87486020724306,54.87486020724306,36.82566513470917,30.0,INTERIOR,15.78244205061739,89.63686758521898,19,3
A,CORAL,FAM4,3.0,INTERIOR,53.44469570159545,53.44469570159545,38.256219815755045,30.0,INTERIOR,28.50468309955187,164.92951623323833,19,3
A,MEAN,FAM4,3.0,INTERIOR,54.874860207243046,54.874860207243046,36.82566513470918,30.0,INTERIOR,15.782442050617393,89.63686758521898,19,3
A,CORAL_INDEP,FAM4,3.0,INTERIOR,56.16885710287936,56.16885710287936,35.53176887585798,30.0,INTERIOR,32.10373029941789,147.89706656655517,19,3
A,CORAL_SELF,FAM4,3.0,INTERIOR,54.87486020724315,54.87486020724315,36.82566513470908,30.0,INTERIOR,15.78244205061741,89.63686758521897,19,3
A,CORAL_TILE,FAM4,3.0,INTERIOR,51.89955026282244,51.89955026282244,39.8009156776724,30.0,INTERIOR,18.621185644951712,86.79652192235153,19,3
A,CORAL_SOIL,FAM4,3.0,INTERIOR,51.40126131882167,51.40126131882167,40.299713971476095,30.0,INTERIOR,16.617007386260692,121.55363428739548,19,3
A,NONE,FAM6,3.0,INTERIOR,49.82823210478345,49.82823210478345,46.23746452356991,0.3,INTERIOR,33.57387826957593,50.045999543925035,22,1
A,CORAL,FAM6,3.0,INTERIOR,49.73413486006732,49.73413486006732,46.33247066983716,0.3,INTERIOR,28.763533203857634,54.852460190967065,22,1
A,MEAN,FAM6,3.0,INTERIOR,49.82823210478344,49.82823210478344,46.237464523569926,0.3,INTERIOR,33.573878269575665,50.0459995439253,22,1
A,CORAL_INDEP,FAM6,10.0,INTERIOR,48.34885894534594,48.34885894534594,47.71708018957277,3.0,INTERIOR,36.29837897256175,47.315250848269926,22,1
A,CORAL_SELF,FAM6,3.0,INTERIOR,49.82823210478343,49.82823210478343,46.23746452356993,0.3,INTERIOR,33.573878269577015,50.04599954392395,22,1
A,CORAL_TILE,FAM6,0.3,INTERIOR,42.85321746150174,42.85321746150174,53.212663579707396,0.03,FLOOR,30.518587707617826,53.0962176472962,22,1
A,CORAL_SOIL,FAM6,3.0,INTERIOR,48.087677501327015,48.087677501327015,47.97924668407682,0.3,INTERIOR,25.11048742381843,58.50526550274476,22,1
A,NONE,FAM7,3.0,INTERIOR,47.3842674185912,47.3842674185912,51.241919007477414,1000000.0,CEILING,19.181565520443197,51.889521550105755,22,1
A,CORAL,FAM7,3.0,INTERIOR,46.2374745749112,46.2374745749112,52.389360203985895,1000000.0,CEILING,19.18038139225394,75.0861078468844,22,1
A,MEAN,FAM7,3.0,INTERIOR,47.384267418591186,47.384267418591186,51.24191900747743,1000000.0,CEILING,19.181565520443197,51.889521550106764,22,1
A,CORAL_INDEP,FAM7,3.0,INTERIOR,46.665921607349354,46.665921607349354,51.961404011608344,300.0,INTERIOR,16.47732992568934,74.89738152636906,22,1
A,CORAL_SELF,FAM7,3.0,INTERIOR,47.384267418591186,47.384267418591186,51.24191900747743,1000000.0,CEILING,19.181565520443197,51.88952155011236,22,1
A,CORAL_TILE,FAM7,1.0,INTERIOR,41.106508774589535,41.106508774589535,57.5201810641124,1000000.0,CEILING,19.17842132521236,43.533481086223674,22,1
A,CORAL_SOIL,FAM7,3.0,INTERIOR,43.70648463390352,43.70648463390352,54.92081400881562,1000000.0,CEILING,19.18027769530623,66.8551639132483,22,1
A,NONE,FAM8,10.0,INTERIOR,52.77190378727456,52.77190378727456,38.32029029979642,0.03,FLOOR,17.605734043098746,101.24069554106023,21,2
A,CORAL,FAM8,3.0,INTERIOR,50.3184590181687,50.3184590181687,40.77377790962023,0.03,FLOOR,10.890522939615003,107.95809751476949,21,2
A,MEAN,FAM8,10.0,INTERIOR,52.77190378727455,52.77190378727455,38.320290299796426,0.03,FLOOR,17.605734043098163,101.24069554106082,21,2
A,CORAL_INDEP,FAM8,10.0,INTERIOR,51.89166090914008,51.89166090914008,39.2016062091055,3.0,INTERIOR,24.25744081492754,94.5951401934812,21,2
A,CORAL_SELF,FAM8,10.0,INTERIOR,52.771903787274304,52.771903787274304,38.320290299796675,0.03,FLOOR,17.605734043099574,101.24069554105941,21,2
A,CORAL_TILE,FAM8,3.0,INTERIOR,47.742966369735754,47.742966369735754,43.349538603270574,0.03,FLOOR,38.684643435974394,80.16433959186041,21,2
A,CORAL_SOIL,FAM8,3.0,INTERIOR,48.3777221841692,48.3777221841692,42.71517159003314,0.03,FLOOR,12.453981331623933,106.39392878059812,21,2
A,NONE,FAM9,0.03,FLOOR,46.12672986499942,46.12672986499942,48.204104120434195,100.0,INTERIOR,68.59543961531121,32.36342709619801,22,1
A,CORAL,FAM9,1.0,INTERIOR,48.083301175376285,48.083301175376285,46.24814473126265,100.0,INTERIOR,74.32761953278894,30.050762282349808,22,1
A,MEAN,FAM9,0.03,FLOOR,46.12672986499904,46.12672986499904,48.20410412043457,100.0,INTERIOR,68.59543961531122,32.363427096198166,22,1
A,CORAL_INDEP,FAM9,3.0,INTERIOR,46.323532559407276,46.323532559407276,48.00767426337132,1000000.0,CEILING,98.77717160076051,48.76616164318472,22,1
A,CORAL_SELF,FAM9,0.03,FLOOR,46.126729865000534,46.126729865000534,48.20410412043308,100.0,INTERIOR,68.5954396153112,32.36342709619811,22,1
A,CORAL_TILE,FAM9,3.0,INTERIOR,45.961788539130424,45.961788539130424,48.36939443251936,30.0,INTERIOR,64.847924840826,54.98626631619871,22,1
A,CORAL_SOIL,FAM9,3.0,INTERIOR,45.54968548018872,45.54968548018872,48.78209886389855,100.0,INTERIOR,76.37639053822419,36.88952330648236,22,1
A,NONE,__unseen__,0.3,INTERIOR,48.941785168826875,48.941785168826875,45.80711445974507,30.0,INTERIOR,15.528092003768181,45.07814179630046,23,1
A,CORAL,__unseen__,1.0,INTERIOR,48.425065697115585,48.425065697115585,46.32451818986175,100.0,INTERIOR,11.985978193754947,105.58833315795194,23,1
A,MEAN,__unseen__,0.3,INTERIOR,48.941785168826875,48.941785168826875,45.80711445974507,30.0,INTERIOR,15.528092003768199,45.078141796300436,23,1
A,CORAL_INDEP,__unseen__,0.3,INTERIOR,48.8490099796507,48.8490099796507,45.90060324331985,30.0,INTERIOR,20.89661810045614,79.00665737203026,23,1
A,CORAL_SELF,__unseen__,0.3,INTERIOR,48.941785168826755,48.941785168826755,45.80711445974519,30.0,INTERIOR,15.528092003768176,45.07814179630046,23,1
A,CORAL_TILE,__unseen__,3.0,INTERIOR,45.41383234286887,45.41383234286887,49.335464024128,30.0,INTERIOR,16.28597704196648,70.73981896082094,23,1
A,CORAL_SOIL,__unseen__,3.0,INTERIOR,45.79944266181633,45.79944266181633,48.95052062476928,100.0,INTERIOR,12.715029568435085,109.2085290111817,23,1
B,NONE,FAM1,10.0,INTERIOR,43.78989752104473,43.78989752104473,51.10744285819161,1000000.0,CEILING,69.10564825681169,90.71899466266348,20,1
B,CORAL,FAM1,3.0,INTERIOR,40.82830866239739,40.82830866239739,54.071172601128126,1000000.0,CEILING,69.10480751908771,147.06747674571523,20,1
B,MEAN,FAM1,10.0,INTERIOR,43.789897521044736,43.789897521044736,51.107442858191604,1000000.0,CEILING,69.10564825681169,90.71899466265452,20,1
B,CORAL_INDEP,FAM1,10.0,INTERIOR,50.745967442195365,50.745967442195365,44.15541895948037,1000000.0,CEILING,69.11258988058398,144.5070309546236,20,1
B,CORAL_SELF,FAM1,10.0,INTERIOR,43.78989752104471,43.78989752104471,51.10744285819163,1000000.0,CEILING,69.10564825681169,90.71899466266078,20,1
B,CORAL_TILE,FAM1,3.0,INTERIOR,41.4869411265876,41.4869411265876,53.41006391584346,1000000.0,CEILING,69.11045909002587,135.48465286271215,20,1
B,CORAL_SOIL,FAM1,3.0,INTERIOR,43.305441843470604,43.305441843470604,51.594477233030204,1000000.0,CEILING,69.10822027489827,156.58254477566447,20,1
B,NONE,FAM10,10.0,INTERIOR,47.852760057005604,47.852760057005604,42.22892080994527,1.0,INTERIOR,30.52812659045811,102.37314986052387,21,1
B,CORAL,FAM10,3.0,INTERIOR,45.7095236400868,45.7095236400868,44.37395184020724,0.3,INTERIOR,2.4924261747548244,130.40985433261125,21,1
B,MEAN,FAM10,10.0,INTERIOR,47.852760057005604,47.852760057005604,42.22892080994527,1.0,INTERIOR,30.5281265904579,102.37314986052408,21,1
B,CORAL_INDEP,FAM10,10.0,INTERIOR,56.5125794135039,56.5125794135039,33.57236523282775,10.0,INTERIOR,11.690620051500392,211.44816884447363,21,1
B,CORAL_SELF,FAM10,10.0,INTERIOR,47.8527600570056,47.8527600570056,42.22892080994528,1.0,INTERIOR,30.528126590458385,102.3731498605236,21,1
B,CORAL_TILE,FAM10,10.0,INTERIOR,45.81112662361508,45.81112662361508,44.26997651085364,1.0,INTERIOR,29.519246832553,103.3778280308083,21,1
B,CORAL_SOIL,FAM10,10.0,INTERIOR,47.513784480698384,47.513784480698384,42.57009834088195,1.0,INTERIOR,7.948228549676543,124.94984327195277,21,1
B,NONE,FAM11,3.0,INTERIOR,45.823913084232885,45.823913084232885,44.675714102778855,0.1,INTERIOR,27.68157207333835,96.10636215212972,21,1
B,CORAL,FAM11,3.0,INTERIOR,43.18819686318458,43.18819686318458,47.31328246419799,1.0,INTERIOR,19.085428924196343,104.70914484844454,21,1
B,MEAN,FAM11,3.0,INTERIOR,45.82391308423289,45.82391308423289,44.67571410277885,0.1,INTERIOR,27.681572073338316,96.10636215212975,21,1
B,CORAL_INDEP,FAM11,10.0,INTERIOR,53.39973143480387,53.39973143480387,37.10328587047617,10.0,INTERIOR,22.154291231892408,101.62946478022246,21,1
B,CORAL_SELF,FAM11,3.0,INTERIOR,45.8239130842329,45.8239130842329,44.67571410277884,0.1,INTERIOR,27.681572073338327,96.10636215212973,21,1
B,CORAL_TILE,FAM11,10.0,INTERIOR,43.455000365281705,43.455000365281705,47.04393012785587,0.3,INTERIOR,17.1389186293712,106.64100932336008,21,1
B,CORAL_SOIL,FAM11,3.0,INTERIOR,44.977247672069055,44.977247672069055,45.524681390095026,1.0,INTERIOR,15.060973729436562,108.73090397039783,21,1
B,NONE,FAM12,10.0,INTERIOR,50.51208620177894,50.51208620177894,42.08853473730902,3.0,INTERIOR,26.138046536566776,63.69181105978666,20,2
B,CORAL,FAM12,3.0,INTERIOR,47.11407838291166,47.11407838291166,45.48853452765242,10.0,INTERIOR,24.908056579859405,64.91877117308377,20,2
B,MEAN,FAM12,10.0,INTERIOR,50.51208620177893,50.51208620177893,42.08853473730903,3.0,INTERIOR,26.138046536566804,63.69181105978663,20,2
B,CORAL_INDEP,FAM12,10.0,INTERIOR,58.651878457524234,58.651878457524234,40.912559846064326,30.0,INTERIOR,35.783790894547394,54.70128628164437,20,2
B,CORAL_SELF,FAM12,10.0,INTERIOR,50.51208620177895,50.51208620177895,42.08853473730901,3.0,INTERIOR,26.138046536566783,63.69181105978665,20,2
B,CORAL_TILE,FAM12,10.0,INTERIOR,46.92468121553554,46.92468121553554,45.67555356158657,3.0,INTERIOR,30.733115583339682,59.0935718785034,20,2
B,CORAL_SOIL,FAM12,10.0,INTERIOR,49.812104153835875,49.812104153835875,42.79086925858205,10.0,INTERIOR,25.24446271407843,64.58105032351583,20,2
B,NONE,FAM13,3.0,INTERIOR,48.85624829140393,48.85624829140393,45.04126990767787,10.0,INTERIOR,16.72548912529549,48.259587103022234,21,1
B,CORAL,FAM13,3.0,INTERIOR,46.57120726925751,46.57120726925751,47.32812832328793,10.0,INTERIOR,17.464447678972213,51.51147703850426,21,1
B,MEAN,FAM13,3.0,INTERIOR,48.856248291403915,48.856248291403915,45.041269907677886,10.0,INTERIOR,16.725489125295507,48.25958710302221,21,1
B,CORAL_INDEP,FAM13,10.0,INTERIOR,57.144293653111376,57.144293653111376,36.75664766009278,30.0,INTERIOR,29.261844677530146,77.65149114810235,21,1
B,CORAL_SELF,FAM13,3.0,INTERIOR,48.856248291403915,48.856248291403915,45.041269907677886,10.0,INTERIOR,16.725489125295482,48.25958710302224,21,1
B,CORAL_TILE,FAM13,10.0,INTERIOR,47.32527448007222,47.32527448007222,46.571780434873595,3.0,INTERIOR,18.320977508601008,59.61689417820415,21,1
B,CORAL_SOIL,FAM13,3.0,INTERIOR,48.64385484949484,48.64385484949484,45.25591250014067,30.0,INTERIOR,18.81839368187529,46.16406005469416,21,1
B,NONE,FAM14,3.0,INTERIOR,49.63590562247189,49.63590562247189,44.61857569898108,30.0,INTERIOR,17.651194913349116,67.34801137111164,21,1
B,CORAL,FAM14,3.0,INTERIOR,46.885837102962746,46.885837102962746,47.37048137583228,30.0,INTERIOR,26.528919940114065,63.190530577818436,21,1
B,MEAN,FAM14,3.0,INTERIOR,49.63590562247187,49.63590562247187,44.618575698981104,30.0,INTERIOR,17.651194913349126,67.34801137111185,21,1
B,CORAL_INDEP,FAM14,10.0,INTERIOR,57.62539153036997,57.62539153036997,36.632567183759065,100.0,INTERIOR,26.861909402042503,104.58219244464294,21,1
B,CORAL_SELF,FAM14,3.0,INTERIOR,49.63590562247191,49.63590562247191,44.61857569898106,30.0,INTERIOR,17.651194913349006,67.34801137111249,21,1
B,CORAL_TILE,FAM14,10.0,INTERIOR,47.60028435785058,47.60028435785058,46.6536682741487,100.0,INTERIOR,26.02624384625202,60.8140373439996,21,1
B,CORAL_SOIL,FAM14,10.0,INTERIOR,49.11440190596642,49.11440190596642,45.142345558712265,100.0,INTERIOR,27.02161037069475,71.32007965309677,21,1
B,NONE,FAM15,10.0,INTERIOR,50.41648795970758,50.41648795970758,43.362431218019566,10.0,INTERIOR,13.935915132972111,78.44226617183807,21,1
B,CORAL,FAM15,3.0,INTERIOR,47.66070462469,47.66070462469,46.12005248717122,30.0,INTERIOR,13.064097203763026,82.28393122635102,21,1
B,MEAN,FAM15,10.0,INTERIOR,50.41648795970758,50.41648795970758,43.362431218019566,10.0,INTERIOR,13.935915132972108,78.44226617183679,21,1
B,CORAL_INDEP,FAM15,10.0,INTERIOR,58.77472609095895,58.77472609095895,35.00753940170435,100.0,INTERIOR,16.120957558942546,53.483335622629184,21,1
B,CORAL_SELF,FAM15,10.0,INTERIOR,50.41648795970758,50.41648795970758,43.362431218019566,10.0,INTERIOR,13.9359151329722,78.44226617183884,21,1
B,CORAL_TILE,FAM15,10.0,INTERIOR,47.956310099840934,47.956310099840934,45.822107343687364,10.0,INTERIOR,12.160215665889679,72.21114758205921,21,1
B,CORAL_SOIL,FAM15,10.0,INTERIOR,50.082798023680304,50.082798023680304,43.69838127046622,100.0,INTERIOR,13.087167111465643,85.47132104244785,21,1
B,NONE,FAM16,3.0,INTERIOR,43.869900671886874,43.869900671886874,49.92820412733099,30.0,INTERIOR,73.37656968082891,65.36374330056785,21,1
B,CORAL,FAM16,3.0,INTERIOR,42.707917412842185,42.707917412842185,51.09212325989959,30.0,INTERIOR,70.57665749181277,56.16263536283195,21,1
B,MEAN,FAM16,3.0,INTERIOR,43.86990067188687,43.86990067188687,49.928204127331,30.0,INTERIOR,73.37656968082891,65.36374330056705,21,1
B,CORAL_INDEP,FAM16,10.0,INTERIOR,54.60732773688968,54.60732773688968,39.19425928934647,100.0,INTERIOR,69.90234066965247,115.31742449167369,21,1
B,CORAL_SELF,FAM16,3.0,INTERIOR,43.8699006718869,43.8699006718869,49.928204127330964,30.0,INTERIOR,73.37656968082891,65.36374330056793,21,1
B,CORAL_TILE,FAM16,3.0,INTERIOR,40.454991924806976,40.454991924806976,53.34237289214833,30.0,INTERIOR,70.2681979669784,105.03164117321096,21,1
B,CORAL_SOIL,FAM16,3.0,INTERIOR,44.66510783437353,44.66510783437353,49.135444195616216,30.0,INTERIOR,75.56894196450916,60.24939630052678,21,1
B,NONE,FAM2,10.0,INTERIOR,51.113574420121395,51.113574420121395,41.34098216430196,1.0,INTERIOR,21.297079045041574,79.19380298361456,20,2
B,CORAL,FAM2,3.0,INTERIOR,47.77247099078183,47.77247099078183,44.68324480893999,1.0,INTERIOR,32.97671208548674,67.51787792260635,20,2
B,MEAN,FAM2,10.0,INTERIOR,51.11357442012139,51.11357442012139,41.34098216430197,1.0,INTERIOR,21.297079045041535,79.1938029836146,20,2
B,CORAL_INDEP,FAM2,10.0,INTERIOR,58.246614886634916,58.246614886634916,34.21050537812502,10.0,INTERIOR,39.11986732247825,61.378755358288736,20,2
B,CORAL_SELF,FAM2,10.0,INTERIOR,51.113574420121395,51.113574420121395,41.34098216430196,1.0,INTERIOR,21.297079045041578,79.19380298361455,20,2
B,CORAL_TILE,FAM2,10.0,INTERIOR,49.05586462159924,49.05586462159924,43.39817645509035,1.0,INTERIOR,17.852834279042195,82.64438108104407,20,2
B,CORAL_SOIL,FAM2,3.0,INTERIOR,50.431376500697866,50.431376500697866,42.024658867862414,1.0,INTERIOR,28.561971591889417,73.63008414456952,20,2
B,NONE,FAM3,3.0,INTERIOR,52.391904470198654,52.391904470198654,37.86435160384376,1.0,INTERIOR,17.529334458983463,100.48456983811695,20,2
B,CORAL,FAM3,3.0,INTERIOR,49.12541953540247,49.12541953540247,41.13203301229797,3.0,INTERIOR,28.62955761202993,100.89776874382515,20,2
B,MEAN,FAM3,3.0,INTERIOR,52.39190447019867,52.39190447019867,37.864351603843744,1.0,INTERIOR,17.52933445898346,100.48456983811697,20,2
B,CORAL_INDEP,FAM3,10.0,INTERIOR,60.360491432793175,60.360491432793175,29.898191865921184,10.0,INTERIOR,19.957596942226147,98.06229292589313,20,2
B,CORAL_SELF,FAM3,3.0,INTERIOR,52.391904470198654,52.391904470198654,37.86435160384376,1.0,INTERIOR,17.529334458983502,100.48456983811693,20,2
B,CORAL_TILE,FAM3,10.0,INTERIOR,52.221555679797845,52.221555679797845,38.03432170513835,1.0,INTERIOR,21.887737105601033,96.1340461986246,20,2
B,CORAL_SOIL,FAM3,10.0,INTERIOR,52.51531343769559,52.51531343769559,37.74246672803799,1.0,INTERIOR,29.22440831429813,96.9400148421256,20,2
B,NONE,FAM4,3.0,INTERIOR,52.961926853363586,52.961926853363586,36.66296733945938,1.0,INTERIOR,22.665006894023236,84.38636501178654,19,3
B,CORAL,FAM4,3.0,INTERIOR,50.60191538286535,50.60191538286535,39.024700864588034,3.0,INTERIOR,33.973633093222716,76.91360428612875,19,3
B,MEAN,FAM4,3.0,INTERIOR,52.961926853363586,52.961926853363586,36.66296733945938,1.0,INTERIOR,22.665006894023193,84.38636501178658,19,3
B,CORAL_INDEP,FAM4,10.0,INTERIOR,58.395987885568786,58.395987885568786,31.231672008329937,10.0,INTERIOR,25.445763345802856,81.6161503765042,19,3
B,CORAL_SELF,FAM4,3.0,INTERIOR,52.961926853363686,52.961926853363686,36.66296733945928,1.0,INTERIOR,22.66500689402304,84.38636501178674,19,3
B,CORAL_TILE,FAM4,3.0,INTERIOR,51.36998572008845,51.36998572008845,38.25526875768803,3.0,INTERIOR,23.6935509562024,83.36653726921458,19,3
B,CORAL_SOIL,FAM4,3.0,INTERIOR,51.38619734451922,51.38619734451922,38.240698864924866,0.3,INTERIOR,21.097528970136096,85.95784792951743,19,3
B,NONE,FAM6,10.0,INTERIOR,47.78838566588022,47.78838566588022,45.62609385614548,1.0,INTERIOR,44.41768559872926,47.63484509119882,21,1
B,CORAL,FAM6,3.0,INTERIOR,44.53137474824001,44.53137474824001,48.884853437581086,1.0,INTERIOR,43.264535693424776,63.94884817996608,21,1
B,MEAN,FAM6,10.0,INTERIOR,47.78838566588021,47.78838566588021,45.62609385614549,1.0,INTERIOR,44.41768559872924,47.63484509120027,21,1
B,CORAL_INDEP,FAM6,10.0,INTERIOR,54.82533200963049,54.82533200963049,38.59244050996272,30.0,INTERIOR,47.038049149061564,55.15999845461741,21,1
B,CORAL_SELF,FAM6,10.0,INTERIOR,47.78838566588023,47.78838566588023,45.626093856145474,1.0,INTERIOR,44.41768559873008,47.63484509120119,21,1
B,CORAL_TILE,FAM6,10.0,INTERIOR,45.196497899633286,45.196497899633286,48.21714362304682,10.0,INTERIOR,38.84307169383514,60.66836755539887,21,1
B,CORAL_SOIL,FAM6,3.0,INTERIOR,47.05326575144084,47.05326575144084,46.363349951204604,3.0,INTERIOR,45.36757124253003,90.3169622307853,21,1
B,NONE,FAM7,3.0,INTERIOR,44.93701635939892,44.93701635939892,51.149403010619245,1000000.0,CEILING,24.176024128579943,138.97076414975368,21,1
B,CORAL,FAM7,3.0,INTERIOR,42.29359168282898,42.29359168282898,53.79477405715863,1000000.0,CEILING,24.179329557470822,140.98470883555052,21,1
B,MEAN,FAM7,3.0,INTERIOR,44.937016359398946,44.937016359398946,51.14940301061922,1000000.0,CEILING,24.176024128579943,138.97076414975183,21,1
B,CORAL_INDEP,FAM7,10.0,INTERIOR,52.8556680795982,52.8556680795982,43.234824256759936,1000000.0,CEILING,24.182686893198028,63.2044699613467,21,1
B,CORAL_SELF,FAM7,3.0,INTERIOR,44.93701635939894,44.93701635939894,51.149403010619224,1000000.0,CEILING,24.176024128579943,138.97076414974921,21,1
B,CORAL_TILE,FAM7,10.0,INTERIOR,43.13600445452538,43.13600445452538,52.95031117584712,1000000.0,CEILING,24.181296407206087,139.41995074677502,21,1
B,CORAL_SOIL,FAM7,3.0,INTERIOR,45.62572613394512,45.62572613394512,50.463090555957294,1000000.0,CEILING,24.181951574232638,124.09270589959038,21,1
B,NONE,FAM8,10.0,INTERIOR,47.33034404065899,47.33034404065899,41.96091449360788,3.0,INTERIOR,83.68874311590162,71.98473884247784,20,2
B,CORAL,FAM8,3.0,INTERIOR,45.97380013107576,45.97380013107576,43.31887504133857,0.3,INTERIOR,44.584905406097505,70.69157654161873,20,2
B,MEAN,FAM8,10.0,INTERIOR,47.33034404065899,47.33034404065899,41.96091449360788,3.0,INTERIOR,83.68874311590173,71.98473884247576,20,2
B,CORAL_INDEP,FAM8,10.0,INTERIOR,57.01755379548236,57.01755379548236,32.27774892237413,30.0,INTERIOR,41.34374648251099,239.7136265395776,20,2
B,CORAL_SELF,FAM8,10.0,INTERIOR,47.330344040659,47.330344040659,41.96091449360787,3.0,INTERIOR,83.68874311590113,71.98473884247238,20,2
B,CORAL_TILE,FAM8,10.0,INTERIOR,46.02350912199931,46.02350912199931,43.267901684245686,1.0,INTERIOR,65.16657247065211,168.75538031187347,20,2
B,CORAL_SOIL,FAM8,10.0,INTERIOR,47.961437982892896,47.961437982892896,41.33151978226409,10.0,INTERIOR,51.136709756657794,131.39135811501188,20,2
B,NONE,FAM9,3.0,INTERIOR,47.00636899189791,47.00636899189791,45.290657469449336,3.0,INTERIOR,35.8904698156987,57.19491608839822,21,1
B,CORAL,FAM9,3.0,INTERIOR,44.650113828469046,44.650113828469046,47.648554612865524,3.0,INTERIOR,13.68173466571476,79.3966701406122,21,1
B,MEAN,FAM9,3.0,INTERIOR,47.00636899189792,47.00636899189792,45.29065746944932,3.0,INTERIOR,35.89046981569873,57.194916088398195,21,1
B,CORAL_INDEP,FAM9,10.0,INTERIOR,51.06236077079395,51.06236077079395,41.23752997024531,30.0,INTERIOR,14.020140616494409,79.05059995863428,21,1
B,CORAL_SELF,FAM9,3.0,INTERIOR,47.00636899189791,47.00636899189791,45.290657469449336,3.0,INTERIOR,35.89046981569862,57.1949160883983,21,1
B,CORAL_TILE,FAM9,3.0,INTERIOR,45.63204885656205,45.63204885656205,46.664435263980224,1.0,INTERIOR,13.303291587239674,79.77371424573685,21,1
B,CORAL_SOIL,FAM9,3.0,INTERIOR,46.008143708861425,46.008143708861425,46.29089887670422,10.0,INTERIOR,14.432042157762943,78.64263526115101,21,1
B,NONE,__unseen__,10.0,INTERIOR,48.20243925694347,48.20243925694347,44.236937886779124,0.3,INTERIOR,19.16318010940001,78.53993975215556,22,2
B,CORAL,__unseen__,3.0,INTERIOR,45.3336191020613,45.3336191020613,47.10753313330586,0.3,INTERIOR,28.145235077582598,69.55292065182682,22,2
B,MEAN,__unseen__,10.0,INTERIOR,48.202439256943464,48.202439256943464,44.23693788677913,0.3,INTERIOR,19.163180109400322,78.53993975215525,22,2
B,CORAL_INDEP,__unseen__,10.0,INTERIOR,55.68780064338291,55.68780064338291,36.75512444652765,10.0,INTERIOR,21.082892632552202,76.62073527654375,22,2
B,CORAL_SELF,__unseen__,10.0,INTERIOR,48.20243925694349,48.20243925694349,44.2369378867791,0.3,INTERIOR,19.163180109400145,78.53993975215542,22,2
B,CORAL_TILE,__unseen__,10.0,INTERIOR,45.94651191450184,45.94651191450184,46.49248145541209,0.3,INTERIOR,26.342728943060465,71.36093882762206,22,2
B,CORAL_SOIL,__unseen__,10.0,INTERIOR,47.71140095604415,47.71140095604415,44.73017678299565,0.3,INTERIOR,24.752239820072248,72.94685818374438,22,2
