direction,arm,fold,sample_id,0.002,0.0063,0.02,0.063,0.2,0.63,2,6.3,20,63,200
A,NONE,FAM1,H038,0.0,0.0004173780095042545,1.5391322194084385,13.657337853964798,47.37600262976015,70.96271819945888,76.68041190648724,86.5173362961456,95.97283336067551,99.71247812827959,100.0
A,CORAL,FAM1,H038,1.6763622352552976,3.7987160060409124,10.170164508407554,27.77680315784189,55.572860021800764,70.85187178948163,74.55658164368712,82.56088600029071,94.19602335385805,99.45004436047806,100.0
A,MEAN,FAM1,H038,0.0,0.0004173780096987656,1.539132219408863,13.657337853965434,47.37600262976045,70.96271819945883,76.68041190648721,86.51733629614557,95.9728333606755,99.71247812827959,100.0
A,CORAL_INDEP,FAM1,H038,3.1309044198911695,6.358509744792982,14.959335129652375,31.459126332802416,48.36817053592576,59.055602619186836,67.63656828600789,81.93098297878704,94.84546099240043,99.70105286616564,100.0
A,CORAL_SELF,FAM1,H038,0.0,0.00041737800960106597,1.5391322194086214,13.657337853964918,47.37600262975976,70.96271819945821,76.68041190648675,86.51733629614539,95.97283336067547,99.71247812827959,100.0
A,CORAL_TILE,FAM1,H038,1.4976826749902945,3.3749411698698024,9.108915502563057,26.483886773846855,57.78883301339968,76.93693684774547,81.22778491333712,88.55166930913241,96.38925066503776,99.71235952411328,100.0
A,CORAL_SOIL,FAM1,H038,0.43243901503356197,1.4293280761721325,4.785449224534279,18.516605460783435,48.12982130270612,67.07225768416848,72.16194015529513,82.17108569371291,94.3346594493444,99.51144542922995,100.0
A,NONE,FAM10,F827,3.916338060880538,8.152496662926369,20.310144383350078,48.1216875734837,80.81387869574877,92.41405807288277,92.41405807288277,92.41405807288277,93.92947971342723,98.99523050089275,100.0
A,CORAL,FAM10,F827,3.179639629382341,6.984611124670671,17.642062275167355,41.01355522597557,64.15468872769713,68.91251259375542,68.91251259375542,69.80931973834232,87.66418019062009,98.21461735164833,100.0
A,MEAN,FAM10,F827,3.916338060880501,8.152496662926302,20.310144383349932,48.12168757348346,80.81387869574861,92.41405807288268,92.41405807288268,92.41405807288268,93.92947971342721,98.99523050089273,100.0
A,CORAL_INDEP,FAM10,F827,6.959608807947051,13.529282731361622,30.705970667491854,59.358495203707974,74.00327538426306,74.00327538426306,77.04380989807092,82.90999301881455,93.50478420361328,99.20166682143363,100.0
A,CORAL_SELF,FAM10,F827,3.9163380608804603,8.152496662926243,20.310144383349844,48.12168757348344,80.81387869574876,92.41405807288274,92.41405807288274,92.41405807288274,93.929479713427,98.9952305008927,100.0
A,CORAL_TILE,FAM10,F827,3.6715604441382785,7.817342845900388,19.64096220481073,46.3122598767595,75.52443494581252,83.80278343171314,83.80278343171314,83.80278343171314,90.92177589352252,98.58341928892445,100.0
A,CORAL_SOIL,FAM10,F827,3.3408201044744588,7.174355739452608,17.872034773177067,41.19261117294489,65.23827647007509,71.95849721719338,71.95849721719338,74.58921768582196,89.70656428529053,98.53383359795544,100.0
A,NONE,FAM11,H405,0.0,0.0,0.0,4.803382042305451,45.781714537007375,82.85588824143683,94.83689482703394,100.0,100.0,100.0,100.0
A,CORAL,FAM11,H405,1.2157963088407713,2.71717349787993,6.740132383883225,18.702813911356365,40.21569712486773,52.92366543133001,57.31473323158981,68.8187486440036,88.68007980765998,98.59298145629973,100.0
A,MEAN,FAM11,H405,0.0,0.0,0.0,4.803382042302179,45.781714537006195,82.85588824143785,94.83689482703501,100.0,100.0,100.0,100.0
A,CORAL_INDEP,FAM11,H405,4.614970199435302,10.325955061449935,25.654462950401914,50.07226064475381,59.756438268698886,62.33878970811502,71.40234965139861,85.09516931293211,95.80385567582113,99.77928059375891,100.0
A,CORAL_SELF,FAM11,H405,0.0,0.0,0.0,4.803382042303429,45.78171453700513,82.85588824143548,94.83689482703362,100.0,100.0,100.0,100.0
A,CORAL_TILE,FAM11,H405,2.0252974209550794,4.403405407374237,11.018577375750656,27.58355679746737,52.23610441135591,65.86495779235626,69.44755382251657,77.80452259033758,91.84078872341395,98.98022084115021,100.0
A,CORAL_SOIL,FAM11,H405,0.3821295515855345,0.8067223955844467,1.892138579792471,10.135758631723451,34.805176121600226,53.01558307008117,59.59701426028152,73.16512726316566,90.81243219162744,98.96185935210788,100.0
A,NONE,FAM12,H493,2.589699947947702,5.5075597180698885,12.985589698048091,26.1303567508967,45.594297724724925,62.115147529079366,68.75141675934282,80.23934742251,93.2267764357918,99.27029195391789,100.0
A,NONE,FAM12,H666,2.2599538622876176,5.092099991396665,12.261010968524145,24.4640300372465,45.088408002515685,61.90986355267275,64.42007765930899,71.98399744049759,88.97592974756287,98.49305736252431,100.0
A,CORAL,FAM12,H493,2.782976180866799,6.054080466500544,14.233028325404117,27.091482426345188,40.90217191051704,51.32318409815472,56.14149712330216,67.83144244124513,88.08723434172346,98.5016141907232,100.0
A,CORAL,FAM12,H666,2.8247086180938057,6.206927463444226,14.756779253269638,28.404823786092766,46.050529207181455,59.14181353675556,61.08895891956556,68.60712420126475,87.5852948927292,98.288712762097,100.0
A,MEAN,FAM12,H493,2.5896999479476923,5.507559718069871,12.985589698048052,26.130356750896624,45.59429772472485,62.115147529079316,68.75141675934276,80.23934742250994,93.22677643579178,99.27029195391789,100.0
A,MEAN,FAM12,H666,2.259953862287612,5.092099991396655,12.261010968524122,24.46403003724646,45.08840800251565,61.90986355267273,64.42007765930896,71.98399744049756,88.97592974756286,98.49305736252431,100.0
A,CORAL_INDEP,FAM12,H493,5.628545812267591,11.011088514337953,25.05659710885189,47.2649372914249,58.34240626164831,64.06924454310416,74.77057832194619,89.78373504380616,98.08640060604294,100.0,100.0
A,CORAL_INDEP,FAM12,H666,2.9797637479897583,6.328233763608668,14.825924422046262,28.703555487597097,44.536405952600454,56.87453804979216,62.67578233430788,74.30507584786174,90.79394552769095,98.91199090285059,100.0
A,CORAL_SELF,FAM12,H493,2.589699947947687,5.50755971806986,12.985589698048024,26.13035675089657,45.59429772472474,62.11514752907917,68.75141675934266,80.23934742250992,93.22677643579179,99.27029195391789,100.0
A,CORAL_SELF,FAM12,H666,2.2599538622876088,5.092099991396648,12.261010968524104,24.464030037246417,45.08840800251555,61.90986355267258,64.42007765930884,71.9839974404975,88.97592974756284,98.49305736252431,100.0
A,CORAL_TILE,FAM12,H493,3.361247750194508,7.059017612434021,16.65405523127478,32.77185010039543,54.09763113125604,70.27423533464776,73.47986370426453,80.19047654464423,92.29971706389568,98.98298273163844,100.0
A,CORAL_TILE,FAM12,H666,3.3241316169228314,7.0574176837681675,16.719393335195402,32.750149222606154,54.31978468966612,70.35615649877539,72.16351152960404,77.51627933133267,90.90932019376885,98.72726834412461,100.0
A,CORAL_SOIL,FAM12,H493,2.4640649709796185,5.356191530370424,12.613549813712954,24.69960474374,40.45017517794771,53.59712702651298,59.99490128815454,72.79418910380555,90.36602564969023,98.87878354771632,100.0
A,CORAL_SOIL,FAM12,H666,2.5295320849587717,5.613917444805188,13.39557899134458,26.146695993090635,44.50796918166561,58.912271301030884,61.655867322864715,69.98332462433176,88.3055167721227,98.42039924775908,100.0
A,NONE,FAM13,H030,3.020138857284323,6.714116524431869,17.53665995657983,42.416500191841024,71.25005512788053,80.84996663844684,80.84996663844684,80.84996663844684,91.41633025423378,98.70757830582669,100.0
A,CORAL,FAM13,H030,3.308157168328906,7.271240627300674,18.296272470580018,41.04820234933809,61.11695411573133,64.70190681406491,64.70190681406491,67.65608082110799,87.03050359046757,98.15969207409859,100.0
A,MEAN,FAM13,H030,3.0201388572843255,6.714116524431875,17.536659956579832,42.41650019184098,71.25005512788033,80.84996663844655,80.84996663844655,80.84996663844655,91.41633025423371,98.70757830582669,100.0
A,CORAL_INDEP,FAM13,H030,8.339293464427914,16.16497396861191,36.541887251245655,66.15054349397217,71.66360831343852,71.66360831343852,74.32443666567355,84.24955281216302,94.82360714537917,99.52590133066508,100.0
A,CORAL_SELF,FAM13,H030,3.0201388572843184,6.714116524431863,17.53665995657982,42.41650019184101,71.2500551278805,80.84996663844679,80.84996663844679,80.84996663844679,91.41633025423374,98.70757830582669,100.0
A,CORAL_TILE,FAM13,H030,2.935087828774634,6.531643683029575,16.974744344910093,40.71026876221838,67.80498703134553,76.970240350704,76.970240350704,78.34103642651405,91.0617044056765,98.69910856860412,100.0
A,CORAL_SOIL,FAM13,H030,2.77491418772159,6.2297472903424325,15.964813548200365,37.16316082551787,58.946317203996486,65.28945627931917,65.45885961858093,70.77846402482234,88.49532160818974,98.40814929521554,100.0
A,NONE,FAM14,H617,1.7627597464890157,3.899324838482082,9.694587547649233,27.090093811772444,55.98448796166811,73.08223907016492,76.60534922753402,83.56174716710204,93.91900652777382,99.22895575689726,100.0
A,CORAL,FAM14,H617,1.7702396456971345,4.06775808570642,10.190721177974595,26.477147431204028,49.379264470716706,61.30464747702571,64.86288904921905,73.9980643146962,90.39233123920185,98.77584343932989,100.0
A,MEAN,FAM14,H617,1.7627597464890254,3.8993248384821,9.694587547649274,27.09009381177251,55.98448796166816,73.08223907016495,76.60534922753403,83.56174716710206,93.91900652777382,99.22895575689726,100.0
A,CORAL_INDEP,FAM14,H617,2.272312865900682,4.834866340554988,11.538520041825866,27.62114807289638,49.50380126944792,62.96023797120648,69.16772754958409,80.37500899198712,93.36325932314332,99.28517476342748,100.0
A,CORAL_SELF,FAM14,H617,1.762759746489002,3.8993248384820554,9.694587547649169,27.090093811772334,55.98448796166802,73.08223907016489,76.605349227534,83.56174716710206,93.91900652777383,99.22895575689726,100.0
A,CORAL_TILE,FAM14,H617,2.0432255844552283,4.390585973348878,10.684836782122666,28.06918390998893,55.3394469661211,71.81186760414806,76.26075135658446,84.27205867793246,94.39711360098724,99.33579051502741,100.0
A,CORAL_SOIL,FAM14,H617,1.175978428685629,2.8740611207464117,7.371389341047037,21.77615661949909,46.63420163209301,61.68053244385722,66.3053744292528,76.37545452543011,91.51043764472101,98.96267826310095,100.0
A,NONE,FAM15,G190,3.7370443199610026,7.78065984560072,19.097255239412252,42.82180314492638,67.8022283876492,77.94807033318932,79.32965741190853,83.55771317562153,93.53425017819909,99.12344483094762,100.0
A,CORAL,FAM15,G190,2.869176594223865,6.3034080164898025,15.953570855744402,37.073722208710805,59.66621715228767,67.71200672851307,68.66709079960337,74.40560947257633,90.04988172900494,98.64708167137627,100.0
A,MEAN,FAM15,G190,3.737044319961024,7.780659845600759,19.09725523941234,42.821803144926555,67.80222838764945,77.94807033318959,79.32965741190876,83.55771317562169,93.53425017819913,99.12344483094762,100.0
A,CORAL_INDEP,FAM15,G190,4.707595409356784,9.439843890808008,21.92123303664831,43.08100662350387,56.67155263060316,62.16000124646551,68.87548084440851,80.67911329631994,93.63792004203044,99.37257868646115,100.0
A,CORAL_SELF,FAM15,G190,3.73704431996095,7.78065984560062,19.09725523941202,42.821803144925966,67.80222838764884,77.94807033318912,79.3296574119084,83.55771317562153,93.5342501781991,99.12344483094762,100.0
A,CORAL_TILE,FAM15,G190,3.386220233827977,7.170939879421522,17.76660184129231,40.30490088617117,64.25301876199885,73.71594333407756,75.13790316764181,80.18584233438446,92.29462534729426,98.96209664657053,100.0
A,CORAL_SOIL,FAM15,G190,2.6862408405878933,5.944627589423125,15.044370397955252,34.95373732829062,56.38826836973929,64.42082129383904,66.23073907982511,73.34478553657478,89.8473315152491,98.65688017768618,100.0
A,NONE,FAM16,H616,4.960385425780972,9.75073158453743,23.041924711061625,50.417769306817746,76.73059828867979,88.39542192847584,94.68511577743152,100.0,100.0,100.0,100.0
A,CORAL,FAM16,H616,4.223518135026837,8.646791467528123,20.493888901645406,41.96006722406297,58.39593947935069,64.32337648165127,68.7666891924859,78.04928312350539,92.16832990047243,99.08585817774237,100.0
A,MEAN,FAM16,H616,4.960385425780945,9.750731584537373,23.041924711061494,50.41776930681756,76.7305982886797,88.3954219284759,94.6851157774317,100.0,100.0,100.0,100.0
A,CORAL_INDEP,FAM16,H616,6.722144855918037,12.942735699481764,29.104756249553546,53.62700110432158,66.61303379625988,73.47606497614544,81.19930149084075,91.53598652319624,97.81872694340463,99.97223665949947,100.0
A,CORAL_SELF,FAM16,H616,4.960385425780955,9.750731584537396,23.04192471106154,50.41776930681759,76.7305982886796,88.39542192847571,94.68511577743145,100.0,100.0,100.0,100.0
A,CORAL_TILE,FAM16,H616,3.170205232970792,6.627144684863293,16.52414788456286,40.174955867063005,66.64244236219395,77.47438975678031,82.64313012459817,90.32118291764468,96.8944395334115,99.70474045679393,100.0
A,CORAL_SOIL,FAM16,H616,3.785437414928741,7.762529906219936,18.46882784388565,39.05050741875713,56.85568204397416,64.48958010370518,70.52754476854913,81.25974825476845,93.71048188433612,99.34582530759143,100.0
A,NONE,FAM2,H181,0.3182885003900142,1.3020121235909645,2.93789195114185,5.036693046976296,10.89096949184308,20.615676343211916,34.98348206907791,60.95362703595447,87.19779104320426,98.87610605219943,100.0
A,NONE,FAM2,H183,0.0,0.21135668187702716,0.21135668187702716,0.21135668187702716,6.157678449665745,20.656227511179864,37.47458146938584,65.47652801281028,89.09011485707786,99.22055842815332,100.0
A,CORAL,FAM2,H181,0.0,0.0,0.0,0.0,0.0,0.0,10.046545424537342,39.189689951346615,79.22765891355432,97.78562267199675,100.0
A,CORAL,FAM2,H183,0.0,0.0,0.0,0.0,0.0,0.0,10.39677152175473,39.79518999434842,79.4791714750252,97.83009605804827,100.0
A,MEAN,FAM2,H181,0.31828850039003065,1.3020121235909992,2.9378919511419355,5.036693046976449,10.89096949184313,20.615676343211803,34.98348206907774,60.95362703595429,87.19779104320419,98.87610605219942,100.0
A,MEAN,FAM2,H183,0.0,0.21135668187712575,0.21135668187712575,0.21135668187712575,6.157678449665923,20.656227511179814,37.474581469385754,65.47652801281018,89.09011485707784,99.22055842815331,100.0
A,CORAL_INDEP,FAM2,H181,5.677243693728265,11.189852479766586,24.309647105582584,37.93719467468639,37.93719467468639,37.93719467468639,43.156741165531116,67.48353116549403,89.53700648542983,99.19492383192963,100.0
A,CORAL_INDEP,FAM2,H183,5.806546387249506,11.352064568164547,24.385483643971895,37.05797949962898,37.05797949962898,37.05797949962898,44.10634639371516,69.57678548287493,90.43137926264887,99.36517535328633,100.0
A,CORAL_SELF,FAM2,H181,0.31828850038997647,1.3020121235909015,2.937891951141733,5.036693046976172,10.890969491843009,20.615676343211774,34.98348206907767,60.953627035954185,87.19779104320415,98.8761060521994,100.0
A,CORAL_SELF,FAM2,H183,0.0,0.21135668187710177,0.21135668187710177,0.21135668187710177,6.157678449665909,20.656227511179715,37.4745814693856,65.47652801280998,89.09011485707775,99.2205584281533,100.0
A,CORAL_TILE,FAM2,H181,0.0,0.6648923762946506,2.3381524730166188,6.108748893196463,10.435389409757505,14.145646773563783,25.045543427524166,49.44114426981024,82.69524055805142,98.15345299484288,100.0
A,CORAL_TILE,FAM2,H183,0.0,0.35827044691398857,1.4483001280810583,4.137530955112521,9.457559647645716,15.478755071141755,27.38299239404877,52.356979661010115,83.85102494054794,98.34344236387435,100.0
A,CORAL_SOIL,FAM2,H181,0.0,0.0,0.0,0.0,1.3647103021580733,6.704161258557072,19.921156751219677,47.66109617963472,82.31448911228357,98.20086578881997,100.0
A,CORAL_SOIL,FAM2,H183,0.0,0.0,0.0,0.0,0.8784896587134909,8.407417089708417,22.100508508396295,49.92786838073558,83.18076363836802,98.33150108014905,100.0
A,NONE,FAM3,H368,3.139239620180987,6.461797559843681,13.706163703447787,17.70860905067777,17.70860905067777,17.70860905067777,17.70860905067777,51.947008030634166,84.70827970357325,98.41651117497427,100.0
A,NONE,FAM3,H615,0.4898894446191333,1.2467108118613695,1.9499679809244554,1.9499679809244554,1.9499679809244554,5.046408957204363,27.404884720324084,62.93253654299023,89.64792901883115,99.27191526357136,100.0
A,CORAL,FAM3,H368,0.0,0.3189314037422504,0.7481221423702404,0.7481221423702404,0.7481221423702404,0.7481221423702404,0.7481221423702404,31.24527924138915,75.93931445140795,96.93224564320931,100.0
A,CORAL,FAM3,H615,0.0,0.0,0.0,0.0,0.0,0.0,9.355457515657157,42.50771945343391,80.28996911880564,97.57504165447858,100.0
A,MEAN,FAM3,H368,3.1392396201810278,6.461797559843757,13.706163703447949,17.708609050677996,17.708609050677996,17.708609050677996,17.708609050677996,51.94700803063414,84.70827970357324,98.41651117497427,100.0
A,MEAN,FAM3,H615,0.48988944461917505,1.2467108118614467,1.9499679809246153,1.9499679809246153,1.9499679809246153,5.046408957204264,27.404884720324013,62.93253654299019,89.64792901883115,99.27191526357136,100.0
A,CORAL_INDEP,FAM3,H368,9.630772995573494,18.3266761397647,39.48356690577893,59.43269661871469,59.43269661871469,59.43269661871469,59.43269661871469,68.9897463640553,91.47659282607316,99.50737519582344,100.0
A,CORAL_INDEP,FAM3,H615,5.8336956764914785,11.091951800097867,23.343347632064205,33.59324726881602,33.59324726881602,33.59324726881602,38.01383816289844,71.6110597882117,93.11329312277027,99.84812171826454,100.0
A,CORAL_SELF,FAM3,H368,3.139239620180979,6.461797559843679,13.706163703447821,17.708609050677975,17.708609050677975,17.708609050677975,17.708609050677975,51.94700803063405,84.70827970357314,98.41651117497425,100.0
A,CORAL_SELF,FAM3,H615,0.4898894446191209,1.246710811861357,1.9499679809244643,1.9499679809244643,1.9499679809244643,5.046408957204854,27.40488472032434,62.93253654299017,89.64792901883108,99.27191526357133,100.0
A,CORAL_TILE,FAM3,H368,1.0462993795625262,2.9965710226619584,7.069299737547274,9.460355737366722,9.460355737366722,9.460355737366722,9.460355737366722,38.05329879694241,77.84868160153022,97.0845883147216,100.0
A,CORAL_TILE,FAM3,H615,0.0,0.0,0.0,0.0,0.0,4.520984649662793,21.369145850261866,51.57488896865818,83.74534896795191,98.08354746038617,100.0
A,CORAL_SOIL,FAM3,H368,0.20078581412193852,1.23530979458826,2.6194547037455287,2.6194547037455287,2.6194547037455287,2.6194547037455287,3.7095690428456862,39.21322967113188,79.2589886919314,97.47888293241166,100.0
A,CORAL_SOIL,FAM3,H615,0.0,0.0,0.0,0.0,0.0,0.0,15.393163403075093,49.03959926409785,83.23593796838291,98.09693428593181,100.0
A,NONE,FAM4,H367,0.0,0.0,0.0,0.0,4.601445455853529,12.730447269142601,26.332078164518578,54.011006911386694,84.67549824556944,97.55345933637382,100.0
A,NONE,FAM4,H371,0.0,0.1322079500084241,0.7173957938026838,1.8317519006449317,1.8317519006449317,1.8317519006449317,10.098034177441,41.16130230518366,79.76138015248452,96.62987220389496,100.0
A,NONE,FAM4,H372,0.0,0.6885710973734849,1.9448809064231565,4.31149999677281,4.31149999677281,4.31149999677281,15.55208055843778,45.31945349799225,81.31697549777031,96.91871783730164,100.0
A,CORAL,FAM4,H367,0.0,0.0,0.0,1.0516836968372019,2.9570814750763006,6.483512898496656,19.62892145231882,48.05623935878748,82.25831565565062,97.07553407999877,100.0
A,CORAL,FAM4,H371,0.0,0.0,0.0,0.0,0.0,0.0,0.0,24.879661603664765,73.745260639552,95.52899234447295,100.0
A,CORAL,FAM4,H372,0.0,1.0381408928582685,2.686997673691055,3.734918460241893,3.734918460241893,3.734918460241893,3.734918460241893,32.78514151201011,76.5745952903388,96.03354460695824,100.0
A,MEAN,FAM4,H367,0.0,0.0,0.0,0.0,4.601445455853501,12.730447269142566,26.332078164518542,54.01100691138667,84.67549824556943,97.5534593363738,100.0
A,MEAN,FAM4,H371,0.0,0.13220795000841967,0.717395793802666,1.8317519006449032,1.8317519006449032,1.8317519006449032,10.098034177440965,41.161302305183646,79.76138015248452,96.62987220389496,100.0
A,MEAN,FAM4,H372,0.0,0.6885710973734831,1.9448809064231476,4.311499996772785,4.311499996772785,4.311499996772785,15.552080558437744,45.319453497992235,81.3169754977703,96.91871783730164,100.0
A,CORAL_INDEP,FAM4,H367,2.3121253519827687,5.186533266695035,11.243288796891548,18.209679681276622,18.209679681276622,18.209679681276622,31.177524764428142,60.721237518712655,87.85851049693791,98.2743257430478,100.0
A,CORAL_INDEP,FAM4,H371,11.784888227967258,23.022309084691948,50.09370783428942,76.8250051524079,76.8250051524079,76.8250051524079,76.8250051524079,76.8250051524079,85.92943725102855,97.93242230858411,100.0
A,CORAL_INDEP,FAM4,H372,10.671319180682623,20.871347544823628,45.31976786771142,69.3902619285354,69.3902619285354,69.3902619285354,69.3902619285354,69.3902619285354,86.79553969312508,98.11431964471987,100.0
A,CORAL_SELF,FAM4,H367,0.0,0.0,0.0,0.0,4.6014454558534865,12.73044726914258,26.332078164518556,54.011006911386694,84.67549824556944,97.55345933637382,100.0
A,CORAL_SELF,FAM4,H371,0.0,0.13220795000840013,0.7173957938026234,1.8317519006448322,1.8317519006448322,1.8317519006448322,10.0980341774411,41.161302305183774,79.76138015248456,96.62987220389498,100.0
A,CORAL_SELF,FAM4,H372,0.0,0.6885710973734671,1.9448809064231085,4.311499996772731,4.311499996772731,4.311499996772731,15.552080558437865,45.31945349799235,81.31697549777036,96.91871783730166,100.0
A,CORAL_TILE,FAM4,H367,0.0,0.0,0.0,3.103373019089169,9.16066084412666,15.30323138700576,27.49322171644385,53.40607579277231,84.11543498067098,97.39409166754453,100.0
A,CORAL_TILE,FAM4,H371,0.9899304118413634,3.476056427629985,8.418962367888339,15.030143197559138,15.030143197559138,15.030143197559138,15.030143197559138,37.73864567620201,77.83979012139562,96.17042950024666,100.0
A,CORAL_TILE,FAM4,H372,0.5761910009337083,2.5566892551795846,6.249341995424505,11.53393736163951,11.53393736163951,11.53393736163951,13.55578026405265,42.15328239978039,79.76386693617617,96.57156573758884,100.0
A,CORAL_SOIL,FAM4,H367,0.0,0.0,0.0,0.0,3.6509324680547763,10.536030867536049,24.292158653372944,52.511078957937876,84.12657053533601,97.45470977113666,100.0
A,CORAL_SOIL,FAM4,H371,0.0,0.8970105930880372,2.2703633754111276,3.0531666993988438,3.0531666993988438,3.0531666993988438,3.0531666993988438,36.26511299859662,78.05530776201967,96.33815215571406,100.0
A,CORAL_SOIL,FAM4,H372,0.05237404011736002,1.500251349949722,3.6136932084488045,5.923664692460928,5.923664692460928,5.923664692460928,10.004043824420371,41.59702010957458,80.03741827650845,96.70375435505102,100.0
A,NONE,FAM6,H516,0.0,0.0,0.12075179794354618,4.841876594162461,15.804197632286915,25.361064399147203,37.61632125233384,61.61537319007637,88.24484948740682,98.96887321412845,100.0
A,CORAL,FAM6,H516,0.0,0.0,0.0,0.0,0.0,7.427612758182356,22.933784814391394,52.962457519598445,85.77033258875504,98.83476718911218,100.0
A,MEAN,FAM6,H516,0.0,0.0,0.12075179794354796,4.841876594162461,15.804197632286922,25.361064399147224,37.61632125233386,61.61537319007638,88.24484948740684,98.96887321412845,100.0
A,CORAL_INDEP,FAM6,H516,0.17010791270337533,0.6765783640979874,0.6765783640979874,0.6765783640979874,3.217453765839018,17.37475813757282,32.002601128522116,59.15522294669705,87.85667566286725,99.12304990655885,100.0
A,CORAL_SELF,FAM6,H516,0.0,0.0,0.12075179794360658,4.841876594162571,15.80419763228705,25.361064399147324,37.61632125233395,61.61537319007643,88.24484948740685,98.96887321412845,100.0
A,CORAL_TILE,FAM6,H516,0.0,0.0,0.0,0.0,0.0,9.934961144299585,24.695744555497043,54.717696379994095,87.31828110070542,99.21553344590711,100.0
A,CORAL_SOIL,FAM6,H516,0.0,0.0,0.0,0.0,0.0,9.378780114022163,24.58247336059889,54.1176108503122,86.27712065593384,98.9207994112073,100.0
A,NONE,FAM7,H037,2.6676357067279612,5.959876902242302,15.413852613237529,37.74834440622211,65.1951477582715,75.8384081419995,75.8384081419995,77.85946175003689,90.89563297685643,98.6799624584303,100.0
A,CORAL,FAM7,H037,2.5262058698654,5.69224038768791,14.612889847822693,34.87153614151697,58.009330007644934,66.55229690567262,67.3658325394552,73.04715676916807,89.45430349688806,98.55126344721411,100.0
A,MEAN,FAM7,H037,2.6676357067279604,5.959876902242299,15.413852613237523,37.748344406222095,65.19514775827147,75.83840814199948,75.83840814199948,77.85946175003689,90.89563297685643,98.6799624584303,100.0
A,CORAL_INDEP,FAM7,H037,6.797196741187872,12.899706004957551,29.071067426935997,54.06477079054632,64.33180980773307,67.30020700725076,75.60242638415426,88.11590942582747,97.10601352292032,99.86419288638315,100.0
A,CORAL_SELF,FAM7,H037,2.6676357067279595,5.959876902242298,15.413852613237523,37.748344406222095,65.19514775827147,75.83840814199947,75.83840814199947,77.85946175003686,90.89563297685642,98.6799624584303,100.0
A,CORAL_TILE,FAM7,H037,1.8831123098131233,4.132265054817694,10.819364571351501,29.475180828662268,60.268931531657245,77.93919454386861,81.02158491273809,86.88637786043124,95.22441888881072,99.39277728341122,100.0
A,CORAL_SOIL,FAM7,H037,2.1144879609792904,4.832243118226957,12.604042513766974,31.65826781880683,56.831673453250175,68.14032539579134,69.76329331002869,75.9553901642531,90.74715044727529,98.75140915030575,100.0
A,NONE,FAM8,H549,3.7677698115464415,7.35100728350567,17.395266250110033,38.99490535358771,60.80865512271316,69.29196167153403,72.07450581068686,78.9113471278904,92.02707854384516,98.98495214532726,100.0
A,NONE,FAM8,H668,4.512262691437574,8.530294305356449,19.875326704793977,44.219278108272576,69.60306073766367,80.43932391264387,82.94467465445572,87.4419681279404,95.10906647286156,99.37714261294414,100.0
A,CORAL,FAM8,H549,3.6866301328280637,7.275399865137085,17.137022161716132,37.11028420690373,54.12713912741533,59.44459315605583,63.069859645676395,72.45724505184518,89.81938772443701,98.73321235344542,100.0
A,CORAL,FAM8,H668,4.526343760059636,8.60294882128372,20.090282790500893,44.430823393196036,68.6018601025852,77.9999119219986,80.12927350132522,84.7252680088887,94.0147820990538,99.21820309467975,100.0
A,MEAN,FAM8,H549,3.767769811546442,7.351007283505671,17.395266250110033,38.99490535358771,60.80865512271317,69.29196167153404,72.07450581068689,78.91134712789041,92.02707854384516,98.98495214532726,100.0
A,MEAN,FAM8,H668,4.512262691437575,8.530294305356453,19.87532670479398,44.219278108272576,69.60306073766367,80.43932391264389,82.94467465445572,87.44196812794041,95.10906647286156,99.37714261294414,100.0
A,CORAL_INDEP,FAM8,H549,7.290938402597065,13.158981900503374,28.61282729656645,53.10006929059598,62.26502366510986,64.70653357714927,73.83408877533998,86.89417386294939,96.28509952462063,99.82511427073678,100.0
A,CORAL_INDEP,FAM8,H668,7.019265942100452,12.661256670755836,27.895179023614396,54.63439912130435,71.881452320237,78.83345705217502,85.54680380901188,93.89498709548937,98.35756121935617,99.99021804467758,100.0
A,CORAL_SELF,FAM8,H549,3.7677698115464753,7.351007283505732,17.39526625011017,38.994905353587924,60.80865512271323,69.29196167153391,72.07450581068672,78.91134712789024,92.0270785438451,98.98495214532726,100.0
A,CORAL_SELF,FAM8,H668,4.512262691437598,8.530294305356493,19.875326704794073,44.21927810827272,69.60306073766372,80.4393239126438,82.94467465445562,87.4419681279403,95.10906647286151,99.37714261294414,100.0
A,CORAL_TILE,FAM8,H549,3.219289872408567,6.31579275752102,15.11983467854385,35.70643477890256,61.11435656131623,73.64402500642923,77.07382907646466,83.76568416471906,93.99575173877382,99.26808127374707,100.0
A,CORAL_TILE,FAM8,H668,4.4422755529110205,8.393082541321883,19.669416487626172,44.67257959093739,72.53397030949375,84.87059803018565,86.75466726560816,89.89562036404466,95.8847584723406,99.45124041791082,100.0
A,CORAL_SOIL,FAM8,H549,3.0081648017427693,5.997898681350581,14.208075588395724,31.96523315993074,51.03505701178415,60.24642667876284,65.55887645049765,76.39770514135441,91.68542779515417,99.04753808822885,100.0
A,CORAL_SOIL,FAM8,H668,4.299585730444323,8.167463475986594,19.061918805681064,42.509036069903246,67.19163038700316,77.9693363539214,80.87885567221015,86.20979845118947,94.74904985256548,99.3470338185297,100.0
A,NONE,FAM9,H126,0.0,0.0,1.705582254772418,16.074890506718518,54.70549781944646,79.92851326240996,82.96583990671502,88.50712871020866,95.78431458651907,99.4692585691087,100.0
A,CORAL,FAM9,H126,0.7861746791301982,2.290085991984105,6.843393755939882,21.83504548855937,48.96298355041343,64.36778702603777,67.98306153599714,76.78015370225228,91.55073767076897,98.9506662350666,100.0
A,MEAN,FAM9,H126,0.0,0.0,1.70558225477175,16.074890506717544,54.70549781944609,79.92851326241019,82.96583990671527,88.50712871020887,95.78431458651914,99.46925856910872,100.0
A,CORAL_INDEP,FAM9,H126,0.5750768836105009,1.6942953661580882,4.7609307108495,15.225485480100398,37.13961679664304,53.47461864538176,62.04561837747649,77.306719998795,92.84274512437166,99.33225974311513,100.0
A,CORAL_SELF,FAM9,H126,0.0,0.0,1.7055822547718567,16.0748905067179,54.705497819446904,79.92851326241119,82.96583990671607,88.50712871020933,95.78431458651927,99.46925856910872,100.0
A,CORAL_TILE,FAM9,H126,1.6130231623411617,3.7205202567650666,9.863740443879692,27.28467594757834,56.42343238420833,73.23751834333501,76.90632794111568,84.09375787064674,94.2727251868504,99.31431191911909,100.0
A,CORAL_SOIL,FAM9,H126,0.813079830019249,2.3631987802584167,6.938321123205457,21.27077200292396,45.998141596848185,59.833039743477734,63.91955996468067,73.96080392262182,90.60799562572736,98.84822371882738,100.0
A,NONE,__unseen__,H637,0.0,0.0,0.0,0.0,5.878425499314808,27.59963267745583,50.06734786263314,82.63538916052882,97.90834162846774,100.0,100.0
A,CORAL,__unseen__,H637,0.0,0.09450230114837499,0.16018645893017336,1.3642916023366425,8.975509658570047,21.3719032201155,37.406018792068515,65.2780198689977,90.03488852492588,99.28442748578419,100.0
A,MEAN,__unseen__,H637,0.0,0.0,0.0,0.0,5.87842549931451,27.59963267745556,50.0673478626329,82.63538916052866,97.90834162846768,100.0,100.0
A,CORAL_INDEP,__unseen__,H637,6.441840408659452,11.712188437018572,24.52811349469347,40.47538196383649,47.07519921120913,61.596501516332395,83.62490807604651,100.0,100.0,100.0,100.0
A,CORAL_SELF,__unseen__,H637,0.0,0.0,0.0,0.0,5.8784254993146305,27.599632677455716,50.06734786263327,82.6353891605292,97.90834162846792,100.0,100.0
A,CORAL_TILE,__unseen__,H637,0.22056171147104786,0.949778773641019,2.158275880337561,5.058107748701545,12.5705017959285,23.734316155410006,38.882491699447385,65.49217963734488,89.91346440770495,99.23239651220626,100.0
A,CORAL_SOIL,__unseen__,H637,0.0,0.0,0.0,0.0,4.654038723925311,17.307156490295903,34.44076513765383,64.06479703364806,89.83118085254193,99.30398636645785,100.0
B,NONE,FAM1,H038,5.145302841642937,9.503869564726136,20.397498485688857,37.63239722980047,57.71290170015841,78.37150918185093,91.97315138187678,100.0,100.0,100.0,100.0
B,CORAL,FAM1,H038,7.308689195275553,13.337484571356736,28.474724257242066,50.60336121410477,71.01244522384178,92.20966913666368,100.0,100.0,100.0,100.0,100.0
B,MEAN,FAM1,H038,5.145302841642941,9.503869564726145,20.39749848568887,37.63239722980049,57.71290170015842,78.37150918185094,91.97315138187679,100.0,100.0,100.0,100.0
B,CORAL_INDEP,FAM1,H038,8.497934063400983,16.53651124524475,38.76119003959322,78.19012267987063,100.0,100.0,100.0,100.0,100.0,100.0,100.0
B,CORAL_SELF,FAM1,H038,5.145302841642925,9.503869564726113,20.397498485688796,37.632397229800354,57.71290170015834,78.37150918185094,91.97315138187682,100.0,100.0,100.0,100.0
B,CORAL_TILE,FAM1,H038,5.860467771899205,10.99621658861469,24.276681426232987,46.17082408011611,67.64711505700639,85.08279144830499,95.44596200310912,100.0,100.0,100.0,100.0
B,CORAL_SOIL,FAM1,H038,7.609638510788831,14.008229640155498,30.420183590939313,55.73455783093718,78.62423992039822,98.62052145221097,100.0,100.0,100.0,100.0,100.0
B,NONE,FAM10,F827,6.543004068279648,12.090057507044666,26.771882278518568,52.06248336106421,77.10290517179536,94.33565391213031,100.0,100.0,100.0,100.0,100.0
B,CORAL,FAM10,F827,8.196104490910368,15.146265190362486,33.86726427503221,66.69461586642032,97.16385998785698,100.0,100.0,100.0,100.0,100.0,100.0
B,MEAN,FAM10,F827,6.543004068279649,12.090057507044666,26.771882278518568,52.06248336106421,77.10290517179537,94.33565391213034,100.0,100.0,100.0,100.0,100.0
B,CORAL_INDEP,FAM10,F827,7.860588202747705,15.819061317308877,37.63993373374682,80.65611726520514,100.0,100.0,100.0,100.0,100.0,100.0,100.0
B,CORAL_SELF,FAM10,F827,6.543004068279645,12.090057507044655,26.771882278518554,52.062483361064196,77.1029051717954,94.3356539121304,100.0,100.0,100.0,100.0,100.0
B,CORAL_TILE,FAM10,F827,6.094550389674027,11.460531993272717,25.818437783689326,51.99385556159105,78.33089346799233,93.85305770610736,100.0,100.0,100.0,100.0,100.0
B,CORAL_SOIL,FAM10,F827,8.13157839152702,15.024127406126194,33.75179277659818,67.42064935942066,100.0,100.0,100.0,100.0,100.0,100.0,100.0
B,NONE,FAM11,H405,4.9239171843583325,10.604231623320365,26.62645987186216,55.99713304267421,82.17443084204419,96.82450849092211,100.0,100.0,100.0,100.0,100.0
B,CORAL,FAM11,H405,5.37664313074454,11.576232103497528,29.114543378354853,61.09889792896416,88.23787851600974,100.0,100.0,100.0,100.0,100.0,100.0
B,MEAN,FAM11,H405,4.923917184358335,10.60423162332037,26.626459871862174,55.997133042674236,82.17443084204419,96.82450849092213,100.0,100.0,100.0,100.0,100.0
B,CORAL_INDEP,FAM11,H405,6.982091948243642,15.292456165530194,38.43907328492913,80.51477670574165,100.0,100.0,100.0,100.0,100.0,100.0,100.0
B,CORAL_SELF,FAM11,H405,4.923917184358331,10.60423162332036,26.626459871862146,55.997133042674214,82.1744308420443,96.82450849092231,100.0,100.0,100.0,100.0,100.0
B,CORAL_TILE,FAM11,H405,4.390360006553394,9.310598083356556,23.438100811207445,52.35164084155567,84.88465286379937,100.0,100.0,100.0,100.0,100.0,100.0
B,CORAL_SOIL,FAM11,H405,6.185940433929549,13.36030689624198,33.643129282797304,69.54405457724717,96.12200938491515,100.0,100.0,100.0,100.0,100.0,100.0
B,NONE,FAM12,H493,4.91287950121436,9.347993839572855,21.53336547284342,42.95054856492141,65.53948610046562,83.7351924324842,96.88722426820033,100.0,100.0,100.0,100.0
B,NONE,FAM12,H666,4.976482586124359,9.791721320029012,22.677010824500133,44.731149739792926,68.7291913745789,86.10605953409106,92.33640052514534,98.96245210500742,99.97721386145555,100.0,100.0
B,CORAL,FAM12,H493,7.643340692710483,14.364526481145141,33.055501979109884,64.3956086352586,90.67684681285857,100.0,100.0,100.0,100.0,100.0,100.0
B,CORAL,FAM12,H666,6.111504805193912,11.95638518952665,27.663234502901833,53.85283842700115,79.1720803089699,95.54868798373111,99.51493116291765,100.0,100.0,100.0,100.0
B,MEAN,FAM12,H493,4.912879501214356,9.347993839572844,21.533365472843403,42.95054856492138,65.5394861004656,83.73519243248418,96.88722426820031,100.0,100.0,100.0,100.0
B,MEAN,FAM12,H666,4.976482586124359,9.791721320029014,22.677010824500137,44.731149739792926,68.72919137457889,86.10605953409105,92.33640052514532,98.96245210500742,99.97721386145555,100.0,100.0
B,CORAL_INDEP,FAM12,H493,11.551812815356566,22.63150193263457,52.01390664669848,96.45160569336447,100.0,100.0,100.0,100.0,100.0,100.0,100.0
B,CORAL_INDEP,FAM12,H666,7.006484934556781,13.899977384104824,32.101427790645694,61.14005307538684,84.16487198298807,95.6649011394621,95.6649011394621,95.6649011394621,95.86046981988208,99.71931091989609,100.0
B,CORAL_SELF,FAM12,H493,4.9128795012143485,9.347993839572833,21.53336547284338,42.95054856492133,65.53948610046555,83.73519243248415,96.88722426820027,100.0,100.0,100.0,100.0
B,CORAL_SELF,FAM12,H666,4.976482586124348,9.791721320028994,22.677010824500094,44.731149739792855,68.72919137457885,86.10605953409103,92.33640052514531,98.96245210500737,99.97721386145554,100.0,100.0
B,CORAL_TILE,FAM12,H493,5.658569812864947,10.863800134284087,24.933264332435808,48.481391116263694,68.0441982785006,81.86152381082876,93.24326616347489,100.0,100.0,100.0,100.0
B,CORAL_TILE,FAM12,H666,5.803258654833599,11.435700719859987,26.437356738525903,51.30115933597005,74.7925403156547,89.85380001928411,93.70897992067691,97.35058705752762,98.85202944525035,99.92132502058121,100.0
B,CORAL_SOIL,FAM12,H493,7.564462575390379,14.288405089985583,32.96334534743155,64.41515048053685,92.7724367974393,100.0,100.0,100.0,100.0,100.0,100.0
B,CORAL_SOIL,FAM12,H666,5.905031188414863,11.545309724414803,26.709541147396436,52.123588616183,77.12156578854473,93.71345754057631,98.4597792704474,100.0,100.0,100.0,100.0
B,NONE,FAM13,H030,4.189472498003708,8.545176442975126,21.02734711700254,46.8025192554256,75.85477989458896,90.11083773162977,94.33127510277964,98.4969462273341,99.42369938641417,99.95922790985358,100.0
B,CORAL,FAM13,H030,4.863972931476749,9.79867353107554,23.966983768110172,52.50461440639032,83.11433967182128,97.27181913425929,100.0,100.0,100.0,100.0,100.0
B,MEAN,FAM13,H030,4.189472498003704,8.54517644297512,21.02734711700252,46.802519255425565,75.8547798945889,90.11083773162972,94.33127510277961,98.49694622733409,99.42369938641417,99.95922790985358,100.0
B,CORAL_INDEP,FAM13,H030,4.610678692547185,9.701960267104893,24.220977214960193,55.66922925819951,86.32472064938901,93.68213049847188,93.68213049847188,93.68213049847188,93.68213049847188,99.59786875437861,100.0
B,CORAL_SELF,FAM13,H030,4.189472498003707,8.545176442975126,21.02734711700254,46.802519255425615,75.854779894589,90.11083773162981,94.33127510277968,98.49694622733412,99.42369938641419,99.95922790985358,100.0
B,CORAL_TILE,FAM13,H030,4.222146688127454,8.646952192788454,21.385985858036662,48.08371041695197,78.23800139925557,92.28006071704945,95.37859086371748,98.1259368186935,99.06756356434391,99.93306512957035,100.0
B,CORAL_SOIL,FAM13,H030,5.066080598051543,10.197833900076576,24.972503519610257,54.793629588701876,86.46750463207272,100.0,100.0,100.0,100.0,100.0,100.0
B,NONE,FAM14,H617,5.1221862936913976,9.813266157501456,22.64636609593459,50.45038353542967,84.95605918420901,100.0,100.0,100.0,100.0,100.0,100.0
B,CORAL,FAM14,H617,6.075284961826778,11.649313266816659,27.058199542530666,59.914821858457515,97.76452019827377,100.0,100.0,100.0,100.0,100.0,100.0
B,MEAN,FAM14,H617,5.122186293691404,9.813266157501467,22.646366095934614,50.450383535429694,84.95605918420901,100.0,100.0,100.0,100.0,100.0,100.0
B,CORAL_INDEP,FAM14,H617,6.329844559588299,12.926878788211981,31.02566877300181,68.15262307210634,96.7028595140434,98.62686876442882,98.62686876442882,98.62686876442882,98.62686876442882,99.48503271045469,100.0
B,CORAL_SELF,FAM14,H617,5.1221862936913825,9.813266157501426,22.646366095934518,50.450383535429516,84.95605918420881,100.0,100.0,100.0,100.0,100.0,100.0
B,CORAL_TILE,FAM14,H617,5.15602046114842,9.916932284636795,23.10729736942987,53.113689257682715,91.7201056357651,100.0,100.0,100.0,100.0,100.0,100.0
B,CORAL_SOIL,FAM14,H617,5.611546629747385,10.70931940370164,24.771150170034495,55.27453131945371,92.76421917154167,100.0,100.0,100.0,100.0,100.0,100.0
B,NONE,FAM15,G190,5.802618823448032,10.883279468332809,24.317591180494738,46.298145426877845,66.43909682645106,82.79964122476632,94.50993893578428,100.0,100.0,100.0,100.0
B,CORAL,FAM15,G190,8.241282783520719,15.432354220305722,34.690572149587936,65.1191237164017,86.30027220254004,99.43988579416354,100.0,100.0,100.0,100.0,100.0
B,MEAN,FAM15,G190,5.8026188234480305,10.883279468332805,24.31759118049473,46.29814542687784,66.43909682645108,82.79964122476633,94.5099389357843,100.0,100.0,100.0,100.0
B,CORAL_INDEP,FAM15,G190,9.26673628650066,18.816492056241103,44.573869107179895,87.77657543967764,98.8167436488749,98.8167436488749,98.8167436488749,98.8167436488749,98.8167436488749,99.26726812345551,100.0
B,CORAL_SELF,FAM15,G190,5.802618823448007,10.883279468332763,24.317591180494635,46.298145426877674,66.43909682645094,82.79964122476625,94.50993893578425,100.0,100.0,100.0,100.0
B,CORAL_TILE,FAM15,G190,5.674285774646222,10.793106678268302,24.381633314397767,47.212667937584754,67.12334715911305,81.2430239472647,91.09077593626611,100.0,100.0,100.0,100.0
B,CORAL_SOIL,FAM15,G190,7.68821261262268,14.40789654363045,32.675056078734315,63.46632037308456,89.93017832450539,100.0,100.0,100.0,100.0,100.0,100.0
B,NONE,FAM16,H616,8.471172796861195,15.754499274069087,34.37698477604042,58.90644527381479,67.8322328163512,77.07409953735777,90.85647942222413,100.0,100.0,100.0,100.0
B,CORAL,FAM16,H616,8.9208409222946,16.622793518821315,36.88181574383212,66.76096479168925,82.77024676732319,93.25347863053886,100.0,100.0,100.0,100.0,100.0
B,MEAN,FAM16,H616,8.471172796861197,15.754499274069087,34.376984776040416,58.90644527381476,67.83223281635114,77.07409953735772,90.8564794222241,100.0,100.0,100.0,100.0
B,CORAL_INDEP,FAM16,H616,5.518622583795984,11.304146692627263,26.904491682500208,55.41244942955609,75.302277615045,78.37284741812361,78.37284741812361,78.37284741812361,90.66007998299825,99.53983405968842,100.0
B,CORAL_SELF,FAM16,H616,8.47117279686123,15.754499274069147,34.37698477604055,58.90644527381494,67.83223281635122,77.0740995373578,90.85647942222417,100.0,100.0,100.0,100.0
B,CORAL_TILE,FAM16,H616,7.490331976295594,14.042577884704361,31.232547165349153,57.44616115493135,73.204157417122,84.01565966076706,95.73603105066191,100.0,100.0,100.0,100.0
B,CORAL_SOIL,FAM16,H616,9.756347917459106,18.16104962055262,40.34168285198543,72.85577484410516,89.57051090210936,99.66009200578452,100.0,100.0,100.0,100.0,100.0
B,NONE,FAM2,H181,0.5165539808713349,1.5310741434533055,3.137166692168069,6.162819588029723,17.12765898791705,32.012747326335,46.78886814660853,70.83364461592332,90.7289672217115,99.70061971367402,100.0
B,NONE,FAM2,H183,0.0,0.0,0.3111830820326382,5.77292229149764,22.548957146884643,36.692209712044075,46.97764176812994,66.50302806689177,88.82953082996924,99.60217902811122,100.0
B,CORAL,FAM2,H181,1.0034922157261783,2.41557349964339,5.222578451870163,10.534541841958337,23.32599938626362,38.485648799635825,52.2896779151621,74.28447329474479,91.83168555730646,99.73568433461746,100.0
B,CORAL,FAM2,H183,0.0,0.0,0.0,5.321091559981717,23.798701016490373,38.20253804754519,47.50978437923632,65.96059732058184,88.55098569748988,99.58623316040297,100.0
B,MEAN,FAM2,H181,0.5165539808713362,1.531074143453309,3.137166692168078,6.162819588029734,17.12765898791706,32.01274732633502,46.788868146608536,70.83364461592333,90.7289672217115,99.70061971367402,100.0
B,MEAN,FAM2,H183,0.0,0.0,0.311183082032656,5.772922291497675,22.54895714688467,36.69220971204412,46.97764176812997,66.50302806689179,88.82953082996924,99.60217902811122,100.0
B,CORAL_INDEP,FAM2,H181,0.7908221047242163,2.754934435096973,7.504180829195862,18.485062709422643,23.692979840990034,23.692979840990034,28.451958699011854,47.88685119575466,82.20502381401147,99.31685665056791,100.0
B,CORAL_INDEP,FAM2,H183,0.0,0.0,0.0,8.857920364408766,22.980910774008173,26.898494800037064,31.712180448689622,48.64051204876158,82.23866365502091,99.31322279337269,100.0
B,CORAL_SELF,FAM2,H181,0.5165539808713366,1.53107414345331,3.137166692168078,6.162819588029723,17.12765898791701,32.012747326334946,46.78886814660848,70.83364461592329,90.72896722171149,99.70061971367402,100.0
B,CORAL_SELF,FAM2,H183,0.0,0.0,0.3111830820326773,5.772922291497675,22.54895714688458,36.69220971204397,46.97764176812986,66.50302806689173,88.82953082996923,99.60217902811122,100.0
B,CORAL_TILE,FAM2,H181,0.5025333429895205,1.5291638141938106,3.2814304015112334,7.1553340937196666,19.279112075839677,34.13625638110065,48.12078863585674,71.11400865477674,90.75422579619163,99.69667499110622,100.0
B,CORAL_TILE,FAM2,H183,0.0,0.0,0.4159685963084243,8.510265615277955,29.441432512822566,43.78432005460357,51.432731006933,67.45626670346371,88.91796237539754,99.58954928634803,100.0
B,CORAL_SOIL,FAM2,H181,1.1784440843354131,2.763041652492369,6.085137499164077,12.37158808751455,25.296289362699024,39.76524191141685,53.01456182829848,74.30272605805706,91.7932011742152,99.73003770013199,100.0
B,CORAL_SOIL,FAM2,H183,0.0,0.0,0.0,3.528735650971541,22.89772243699875,37.50115891018852,46.315027441574635,64.51404608717861,88.00434447186836,99.56328934282429,100.0
B,NONE,FAM3,H368,0.07379474124863927,0.678529712057049,1.2386188370893727,2.3697796986561173,6.254919468624898,16.83218172811882,34.91305486457359,64.13312639862461,89.0656279003867,99.56122417995266,100.0
B,NONE,FAM3,H615,0.0,0.0,0.0,0.0,9.521668924914387,30.554163035127182,37.84739301342867,54.12586633153927,82.61319265397967,99.09752545198013,100.0
B,CORAL,FAM3,H368,0.12843792309395585,0.727856461052915,1.5267710492965563,4.395376307390457,13.35041096196187,26.815906743073292,43.388465514101995,69.68246857098623,90.93348514953406,99.65076785730867,100.0
B,CORAL,FAM3,H615,0.0,0.0,0.0,0.0,6.707763918962186,27.493616021884947,35.95035166480176,53.868407466108145,82.77245760384316,99.11907848519533,100.0
B,MEAN,FAM3,H368,0.0737947412486406,0.6785297120570517,1.238618837089378,2.3697796986561244,6.254919468624898,16.83218172811881,34.91305486457359,64.13312639862463,89.0656279003867,99.56122417995266,100.0
B,MEAN,FAM3,H615,0.0,0.0,0.0,0.0,9.521668924914366,30.554163035127154,37.84739301342865,54.125866331539264,82.61319265397967,99.09752545198013,100.0
B,CORAL_INDEP,FAM3,H368,1.0334999272419618,3.1937992538082702,7.8886589512289955,15.92043601508703,15.92043601508703,15.92043601508703,21.56834046530301,44.389720118694356,79.70737545692701,98.95213923490667,100.0
B,CORAL_INDEP,FAM3,H615,0.0,0.0,0.0,0.0,0.0,8.383594587546163,22.76426935511342,49.46798066787043,82.35929794326674,99.1576576293339,100.0
B,CORAL_SELF,FAM3,H368,0.07379474124863439,0.6785297120570402,1.2386188370893567,2.3697796986561244,6.2549194686249905,16.832181728118975,34.913054864573716,64.1331263986247,89.06562790038672,99.56122417995266,100.0
B,CORAL_SELF,FAM3,H615,0.0,0.0,0.0,0.0,9.52166892491445,30.554163035127303,37.84739301342878,54.12586633153934,82.61319265397968,99.09752545198013,100.0
B,CORAL_TILE,FAM3,H368,0.432535884987967,1.2526559466120766,2.6096070758891745,5.886755633190258,14.260325360393345,27.536424358722485,44.48353532984993,71.06034479812648,91.56841532339652,99.68972006615671,100.0
B,CORAL_TILE,FAM3,H615,0.0,0.0,0.0,0.0,23.07374390094822,43.954392415297335,51.02167321101631,65.15585359957385,86.96739299584323,99.33465048538415,100.0
B,CORAL_SOIL,FAM3,H368,0.7433474212543358,1.8493444158093393,4.172039364822947,9.964747420087757,21.74245476392268,35.82545529592802,50.86367525934671,74.29433545957383,92.42852581758332,99.71663739877721,100.0
B,CORAL_SOIL,FAM3,H615,0.0,0.0,0.0,0.0,10.78773450591057,29.51372859978141,39.80778449197328,59.30421836702118,85.36233174486028,99.27983366323132,100.0
B,NONE,FAM4,H367,0.0,0.0,0.0,4.564806727208179,21.089624784902384,36.9656514075169,49.5738104712597,71.37858890366958,91.33137978202858,99.57266103466593,100.0
B,NONE,FAM4,H371,0.0,0.0,0.0,0.0,5.788326372286193,21.126966452091033,32.68146285576537,56.53832726230098,85.74102112616934,99.2371595462289,100.0
B,NONE,FAM4,H372,0.0,0.0,0.0,0.0,11.028672806003861,26.7001403667595,37.98630107423291,60.55439213962943,87.14321536853788,99.31719427305298,100.0
B,CORAL,FAM4,H367,0.0,0.0,0.16763264109545517,6.306201999650302,26.28115869700856,44.96314633407397,57.25241341738756,77.30480214485037,93.40477393237167,99.69580565236038,100.0
B,CORAL,FAM4,H371,0.0,0.0,0.0,0.0,6.251476020390676,26.781178321117075,38.929653111138,62.329672381411655,87.93520038658325,99.37927809198587,100.0
B,CORAL,FAM4,H372,0.0,0.0,0.0,0.0,14.758569893546607,32.305366165444056,43.45214407275844,64.86544159625295,88.67066900747444,99.40837252713199,100.0
B,MEAN,FAM4,H367,0.0,0.0,0.0,4.564806727208229,21.089624784902412,36.9656514075169,49.573810471259705,71.3785889036696,91.33137978202859,99.57266103466593,100.0
B,MEAN,FAM4,H371,0.0,0.0,0.0,0.0,5.788326372286228,21.12696645209106,32.68146285576539,56.538327262300996,85.74102112616936,99.2371595462289,100.0
B,MEAN,FAM4,H372,0.0,0.0,0.0,0.0,11.028672806003904,26.700140366759513,37.986301074232934,60.554392139629435,87.14321536853788,99.31719427305298,100.0
B,CORAL_INDEP,FAM4,H367,0.0,0.0,0.645129855904564,10.486053788639207,24.83403150476742,29.92780896301882,35.38324637730047,51.9754147490355,82.92467929552538,99.00352094734066,100.0
B,CORAL_INDEP,FAM4,H371,0.0,0.0,0.0,0.0,5.35319283029871,14.12636046248926,23.625706846488697,46.87083000053574,81.85733479121846,98.98188101222694,100.0
B,CORAL_INDEP,FAM4,H372,0.0,0.0,0.0,6.70501013604116,21.73896086124011,27.70342897366796,33.233468930623765,50.327493222110206,82.33748205704501,98.97149716366157,100.0
B,CORAL_SELF,FAM4,H367,0.0,0.0,0.0,4.564806727208964,21.08962478490325,36.96565140751765,49.5738104712603,71.37858890366992,91.33137978202868,99.57266103466593,100.0
B,CORAL_SELF,FAM4,H371,0.0,0.0,0.0,0.0,5.788326372287003,21.12696645209178,32.68146285576598,56.53832726230134,85.74102112616946,99.2371595462289,100.0
B,CORAL_SELF,FAM4,H372,0.0,0.0,0.0,0.0,11.028672806004629,26.700140366760138,37.986301074233445,60.55439213962973,87.14321536853797,99.31719427305298,100.0
B,CORAL_TILE,FAM4,H367,0.0,0.0,0.0,0.0,12.127976762589448,31.257840977033084,44.119174352592765,67.28337882332599,89.88040996053367,99.49608265289768,100.0
B,CORAL_TILE,FAM4,H371,0.0,0.0,0.0,0.0,0.0,15.535773369951485,27.314227256505106,52.48543780866122,84.29873298092602,99.16117211026246,100.0
B,CORAL_TILE,FAM4,H372,0.0,0.0,0.0,0.0,2.5343229863003316,19.50273010420287,31.72863000615647,56.51752763590408,85.85888939230212,99.25258310099062,100.0
B,CORAL_SOIL,FAM4,H367,0.0,0.0,0.0,1.8659173040753814,24.392954038283413,44.09292482219189,55.08546903504386,74.16466227885873,92.00352649145148,99.60510607622545,100.0
B,CORAL_SOIL,FAM4,H371,0.0,0.0,0.0,0.0,6.7322712293026115,26.155205857403473,36.54523015181677,58.47992603452107,86.19503909430277,99.26115057972912,100.0
B,CORAL_SOIL,FAM4,H372,0.0,0.0,0.0,0.0,13.865883952836889,32.140636954813864,41.435112720718095,61.24218950141965,86.98533941951125,99.29593832733377,100.0
B,NONE,FAM6,H516,2.012800710637915,4.0115702841732075,7.84017020128849,12.928739259876568,23.531296518963988,39.65457359567873,51.19166718203141,71.11296945347605,91.29129017042938,99.69087821983402,100.0
B,CORAL,FAM6,H516,2.1638281464124844,4.1847766591973565,7.661779232430188,10.432209867383751,18.24219117075998,34.91453983795721,47.423713703793204,68.94886419092286,90.63880098128138,99.6608730200201,100.0
B,MEAN,FAM6,H516,2.0128007106379133,4.011570284173205,7.840170201288485,12.928739259876558,23.531296518963984,39.65457359567873,51.191667182031416,71.11296945347605,91.29129017042939,99.69087821983402,100.0
B,CORAL_INDEP,FAM6,H516,0.7269894286560974,2.0557057013436326,4.192832910885398,6.1493003309994485,6.1493003309994485,8.092610971920593,23.943450362795303,54.0446861613386,86.40009322043477,99.57044081925076,100.0
B,CORAL_SELF,FAM6,H516,2.0128007106379115,4.011570284173204,7.840170201288487,12.92873925987655,23.531296518963867,39.654573595678514,51.191667182031225,71.11296945347594,91.29129017042935,99.69087821983402,100.0
B,CORAL_TILE,FAM6,H516,2.581887494565558,4.683010411978788,7.553829346689081,7.553829346689081,10.446662134877307,30.234247765853578,44.02240789188916,67.2088007786768,90.07950457874692,99.6202041563441,100.0
B,CORAL_SOIL,FAM6,H516,2.2012537611291974,4.3499023643162005,8.287158749719072,11.955318636597937,18.242221208453216,32.36124649594653,45.12335221026735,67.43665553251145,90.204248200929,99.65225700700482,100.0
B,NONE,FAM7,H037,6.624867932452429,12.084401409588953,26.875107346010257,50.933405410109806,69.74965714663517,83.1910136840621,94.16044994669724,100.0,100.0,100.0,100.0
B,CORAL,FAM7,H037,7.59798445415985,13.952397803457274,31.246332144722786,59.32156711662462,79.3180468496789,91.2871019364205,100.0,100.0,100.0,100.0,100.0
B,MEAN,FAM7,H037,6.6248679324524264,12.08440140958895,26.875107346010246,50.9334054101098,69.7496571466352,83.19101368406216,94.1604499466973,100.0,100.0,100.0,100.0
B,CORAL_INDEP,FAM7,H037,6.334218600939545,12.906026423187502,30.563006525253137,61.812527886617595,77.06606324755067,77.06606324755067,77.06606324755067,77.06606324755067,89.75384994629057,99.49176382676144,100.0
B,CORAL_SELF,FAM7,H037,6.624867932452419,12.084401409588935,26.875107346010218,50.933405410109735,69.74965714663509,83.19101368406201,94.16044994669718,100.0,100.0,100.0,100.0
B,CORAL_TILE,FAM7,H037,5.804540442914707,10.739568784082053,24.333388804588417,48.75699558494389,72.52467284669237,87.88777506756645,96.29028737521189,100.0,100.0,100.0,100.0
B,CORAL_SOIL,FAM7,H037,7.993553134445875,14.645638204636228,32.79439451818034,62.17923250294015,83.0261237498803,95.33195384454854,100.0,100.0,100.0,100.0,100.0
B,NONE,FAM8,H549,0.0,0.0,0.0,10.893787957391936,61.80324233877333,100.0,100.0,100.0,100.0,100.0,100.0
B,NONE,FAM8,H668,1.482867781041258,2.4128210791108784,4.534333562822818,10.532697473030911,35.031267963952175,65.95959471076617,85.98722689781427,100.0,100.0,100.0,100.0
B,CORAL,FAM8,H549,0.0,0.0,1.5896635249652018,21.86657911744428,84.23042098161794,100.0,100.0,100.0,100.0,100.0,100.0
B,CORAL,FAM8,H668,3.5672228029037685,5.975549663307968,12.951909185385555,30.45858334924133,68.013502925924,100.0,100.0,100.0,100.0,100.0,100.0
B,MEAN,FAM8,H549,0.0,0.0,0.0,10.8937879573919,61.80324233877329,100.0,100.0,100.0,100.0,100.0,100.0
B,MEAN,FAM8,H668,1.4828677810412507,2.412821079110865,4.534333562822791,10.532697473030868,35.031267963952146,65.95959471076615,85.98722689781425,100.0,100.0,100.0,100.0
B,CORAL_INDEP,FAM8,H549,0.0,0.0,1.560457214036699,25.70880708477436,82.42723883839821,100.0,100.0,100.0,100.0,100.0,100.0
B,CORAL_INDEP,FAM8,H668,2.3118936600547753,5.241798660617194,14.33586519679936,41.92303886520418,78.2561596020702,88.03575951637197,88.03575951637197,88.03575951637197,88.32320440924263,99.38556939086548,100.0
B,CORAL_SELF,FAM8,H549,0.0,0.0,0.0,10.893787957392043,61.803242338773444,100.0,100.0,100.0,100.0,100.0,100.0
B,CORAL_SELF,FAM8,H668,1.4828677810412711,2.412821079110901,4.534333562822868,10.532697473031014,35.03126796395232,65.95959471076632,85.9872268978144,100.0,100.0,100.0,100.0
B,CORAL_TILE,FAM8,H549,0.0,0.29413382790018083,2.5200017437948397,20.725833339268053,74.12651318491092,100.0,100.0,100.0,100.0,100.0,100.0
B,CORAL_TILE,FAM8,H668,3.0998559622102784,5.310733846159146,10.90744938970386,21.72717843910464,43.482874640753,68.84168011564337,86.72865932595298,100.0,100.0,100.0,100.0
B,CORAL_SOIL,FAM8,H549,0.0,0.20312239162383694,2.7180119239337355,24.32295237787378,87.72651464665299,100.0,100.0,100.0,100.0,100.0,100.0
B,CORAL_SOIL,FAM8,H668,3.4590166835476506,5.8101608504279865,12.929451078347116,32.491086979048234,75.16339933648422,100.0,100.0,100.0,100.0,100.0,100.0
B,NONE,FAM9,H126,7.032616078791957,12.977523758096938,27.75313910081666,47.88162371848762,60.5284969124909,73.92933168924645,89.30441878132083,100.0,100.0,100.0,100.0
B,CORAL,FAM9,H126,8.430314499359968,15.599909033722657,34.06273608715279,61.761848879611776,81.86654078152756,96.29129992204639,100.0,100.0,100.0,100.0,100.0
B,MEAN,FAM9,H126,7.032616078791966,12.977523758096954,27.75313910081669,47.881623718487646,60.52849691249088,73.92933168924641,89.3044187813208,100.0,100.0,100.0,100.0
B,CORAL_INDEP,FAM9,H126,8.173107933465765,16.334384109775602,37.9016717691611,73.93087016072381,88.13267656246128,88.13267656246128,88.13267656246128,88.13267656246128,91.01415215958355,99.5376189033885,100.0
B,CORAL_SELF,FAM9,H126,7.0326160787919605,12.977523758096943,27.753139100816675,47.88162371848764,60.52849691249094,73.92933168924651,89.30441878132088,100.0,100.0,100.0,100.0
B,CORAL_TILE,FAM9,H126,7.223946275911224,13.425977750866139,29.143044906498787,52.164937180092124,68.33891637139273,81.67753218884725,94.32114427344212,100.0,100.0,100.0,100.0
B,CORAL_SOIL,FAM9,H126,9.593560088296629,17.785597818819063,38.982105265154445,70.52299183436531,90.64698672676685,100.0,100.0,100.0,100.0,100.0,100.0
B,NONE,__unseen__,H366,0.20481268892477544,0.9402210056799998,2.624251467070117,10.167429703056293,28.881490421727108,45.22242549017274,56.257443014184,75.14179513063071,92.56430934548456,99.75705574060186,100.0
B,NONE,__unseen__,H374,2.71864964255395,5.710800432726319,13.07660056250645,25.908543507372087,35.310195371983525,42.19688529010064,53.045084783711964,72.1928248653515,91.55065738608977,99.70718003896478,100.0
B,CORAL,__unseen__,H366,0.06726394884783016,0.7193434466863264,2.2886732399650693,10.415199857191428,30.898977438840298,47.71672497585684,57.7306129922057,75.23815126702863,92.39131032250631,99.74024107751103,100.0
B,CORAL,__unseen__,H374,2.3093787367714373,4.955342220743939,11.17494553028131,21.245472055813917,26.940576815869566,32.61044671815744,45.14586479885233,67.60077459316567,90.26765641752239,99.67177895669896,100.0
B,MEAN,__unseen__,H366,0.20481268892478255,0.9402210056800122,2.6242514670701436,10.167429703056328,28.881490421727115,45.222425490172725,56.25744301418399,75.14179513063071,92.56430934548456,99.75705574060186,100.0
B,MEAN,__unseen__,H374,2.7186496425539524,5.710800432726323,13.07660056250646,25.9085435073721,35.310195371983525,42.19688529010064,53.04508478371197,72.19282486535151,91.55065738608977,99.70718003896478,100.0
B,CORAL_INDEP,__unseen__,H366,0.31155927168717445,1.7562658463079002,4.930714153116913,13.323141267633218,19.205253138367002,19.810081089905026,26.929585438838664,46.91333599480874,81.88831136969594,99.27773725820127,100.0
B,CORAL_INDEP,__unseen__,H374,1.821632499152247,4.389377737919717,10.3708379598465,20.740635096372046,23.34342551074685,23.34342551074685,32.3549008110723,53.74354141205109,84.76983163738004,99.41517755075922,100.0
B,CORAL_SELF,__unseen__,H366,0.204812688924771,0.9402210056799927,2.624251467070101,10.167429703056271,28.881490421727083,45.222425490172704,56.25744301418395,75.14179513063067,92.56430934548455,99.75705574060186,100.0
B,CORAL_SELF,__unseen__,H374,2.71864964255396,5.710800432726337,13.07660056250649,25.90854350737215,35.31019537198356,42.19688529010065,53.045084783711985,72.19282486535151,91.55065738608977,99.70718003896478,100.0
B,CORAL_TILE,__unseen__,H366,0.47724254386934994,1.3863515593937006,3.6438833179316905,12.42996515079929,33.4213855930123,51.36823640098149,62.14266823642484,79.65122599328113,94.09970527322804,99.81720234004779,100.0
B,CORAL_TILE,__unseen__,H374,2.3032486584001033,4.91042520318106,10.951567573653127,20.27136660365081,24.908689360096016,30.618511987088308,44.022727997015544,67.6311433238186,90.4514191387099,99.68789871178026,100.0
B,CORAL_SOIL,__unseen__,H366,0.5700326360889045,1.6056052858483207,4.244654152678333,13.87985195641103,35.173378963267666,52.3985710428967,62.322471500589316,78.86611728153592,93.65693946844476,99.79035731146402,100.0
B,CORAL_SOIL,__unseen__,H374,2.4076941347235286,5.1090577392635526,11.547886463136088,22.25649531695671,29.412260920522574,36.071848971960705,48.3759938064986,69.98203614881635,91.05871901792453,99.70191994301409,100.0
