sample_id,e4,e8,e16,lum_sd,grad_mean,spec_centroid_cpm,dom_wavelength_mm,R,G,B,sat,lum_p10,lum_p50,lum_p90,split,n_images,cameras
F827,3.3961689472198486,2.1174800395965576,1.4120246171951294,18.70698745902177,19.480554348849555,1.837643990490015,0.544175044336714,178.25281795165262,161.6163558056337,137.1406902639733,0.2564194202423095,135.0,159.66666666666666,184.0,train,5,Motorola Edge;Samsung A52
G190,4.059514045715332,2.6637003421783447,1.9769774675369265,24.15633893735282,23.98340061455424,1.9984987536357126,0.5003902832800233,172.53709203967136,162.8199676931895,137.31504206354725,0.2320866584777832,130.66666666666666,157.0,188.0,train,5,Motorola Edge;Samsung A52
H030,4.061464786529541,2.7740402221679688,1.6262240409851074,22.290024748812705,19.547167179147216,1.8663778878247963,0.5357979356422086,164.79653658316948,155.30885194078846,141.33260064957807,0.1507431492209434,118.66666666666666,156.16666666666669,181.66666666666663,train,7,Motorola Edge;Samsung A52
H037,4.362543225288391,3.078048586845398,2.0099433064460754,20.639525667816024,19.38013933881816,1.9709377952068579,0.5076796758906065,168.8803288568621,159.84428561306615,138.34071651043863,0.1798682454973459,127.75,157.66666666666666,185.16666666666663,train,6,Motorola Edge;Samsung A52
H038,4.547105312347412,3.570358157157898,2.305954098701477,21.64609083162827,20.135195585899297,1.7854745286758904,0.5600832549907833,170.19536490897394,164.55493394554875,134.51079717101584,0.24173704534769055,126.16666666666669,155.16666666666666,183.66666666666663,train,8,Motorola Edge;Samsung A52
H126,5.802185416221619,4.045512616634369,2.308014988899231,31.586358583270215,31.367322542976595,2.0832352186076246,0.4801300949909952,164.59322808715805,156.00362258637097,140.29390204663855,0.11961657553911205,108.08333333333333,155.08333333333331,189.49999999999997,train,4,Motorola Edge;Samsung A52
H181,8.285132646560669,7.927541971206665,7.166159749031067,38.81166512889611,22.00747499686982,1.9581081712081092,0.511236570757219,164.5550365291204,155.35088419207344,143.47800754231326,0.10501485317945475,99.58333333333333,161.66666666666669,196.5833333333333,train,6,Motorola Edge;Samsung A52
H183,8.046287536621094,8.160603046417236,6.711194753646851,36.04973824333115,17.8397335049213,2.0471420096222177,0.4885411826193033,160.546032489425,151.67745057048114,143.27127345891006,0.10017552226781845,93.5,160.33333333333334,193.8333333333333,train,7,Motorola Edge;Samsung A52
H366,7.87860643863678,7.76028037071228,6.9069788455963135,37.49417693110437,24.4140650297939,2.080962450735451,0.4807828872853484,145.69227037456042,138.9875130383155,132.9670282838049,0.09385335631668562,80.0,146.5,181.58333333333331,train,4,Motorola Edge
H367,8.146163582801819,7.755909562110901,6.868546724319458,38.58924314624137,23.001637283214972,2.047027856688577,0.4892015192720233,149.87873509303492,142.70352902561558,137.6604603532061,0.0978025924414396,82.16666666666667,152.0,188.49999999999997,train,4,Motorola Edge;Samsung A52
H368,8.468297958374023,9.605713844299316,8.343177795410156,40.85803425855519,22.71295083810483,2.0953705810044543,0.47772368313746666,158.45488379304226,149.37489498971897,138.6425932029908,0.11498536542057985,90.33333333333331,159.33333333333334,199.49999999999994,train,5,Motorola Edge;Samsung A52
H371,8.43822717666626,9.067112445831299,8.116825103759766,38.06549296324413,17.07009146399172,1.8559802353039967,0.538798841161262,170.02615229765377,150.83239622379563,132.96333906160496,0.2519056499004364,88.66666666666667,156.33333333333334,197.0,train,7,Motorola Edge;Samsung A52
H372,8.745401859283447,9.016690015792847,8.578688144683838,41.71441490986713,20.427332674247847,2.029799507670158,0.4927938700095696,143.9825394453041,137.61222036773523,129.7920095553141,0.10918198525905604,71.66666666666667,148.0,187.49999999999997,train,6,Motorola Edge;Samsung A52
H374,6.999024391174316,7.190790176391602,6.020628929138184,33.98825815105321,21.63010850549108,1.944731749685788,0.5142278272565903,160.7079341940858,162.93192309027177,114.92919371073548,0.325542002916336,93.66666666666669,149.33333333333334,185.66666666666663,train,3,Motorola Edge 60 Fusion
H405,5.131393790245056,3.907581627368927,2.411008358001709,24.11352623222392,23.112396174326676,1.999348519353411,0.5005634837568174,163.25856224165233,148.64835428170315,130.28503981444075,0.22197437658905977,112.83333333333331,149.41666666666669,182.08333333333331,train,6,Motorola Edge;Samsung A52
H493,4.477895736694336,2.3001309633255005,1.231630563735962,27.431230729705124,28.429316695998516,1.8667994031982258,0.5356952889739401,167.94402404149562,160.8205560271088,146.25013007735268,0.09986793994903559,119.33333333333334,159.83333333333334,187.66666666666663,train,5,Motorola Edge;Samsung A52
H516,9.983126401901245,8.895205020904541,6.551410913467407,42.422034317206744,30.864673214355662,1.9976642855823048,0.50061936334358,142.7265681482367,137.5192723945616,132.90796558997764,0.07928791083395478,75.66666666666667,142.08333333333331,193.33333333333331,train,4,Motorola Edge;Samsung A52
H549,5.169905424118042,3.3415799140930176,1.9196842908859253,27.61978509349441,28.51401128866995,2.0027730307457228,0.4993772251932958,162.07584196554058,146.88399007513055,129.58444286284652,0.18374513834714884,99.33333333333334,147.0,181.66666666666663,train,5,Motorola Edge;Samsung A52
H615,8.14198112487793,8.634714126586914,7.962498664855957,35.53186411340821,15.823701512464488,1.861900478031104,0.5370856347045283,169.3646615889099,157.39941357114353,143.42174297760118,0.1521252691745758,101.0,162.0,201.66666666666663,train,5,Motorola Edge;Samsung A52
H616,6.496646404266357,4.279934406280518,2.362536191940308,35.60810227002591,34.71907681752248,1.9560887110426326,0.5112622830674716,156.0903440621833,145.09777461710578,129.54394663659977,0.13715902715921402,94.16666666666666,144.33333333333334,184.83333333333331,train,5,Motorola Edge;Samsung A52
H617,4.6654345989227295,3.313481032848358,1.9316903352737427,22.012424626615704,20.243058280412953,2.0101171859108025,0.4977351325622011,159.96289917974798,149.62472909715382,134.81355916571783,0.1659448686987161,117.91666666666667,148.91666666666666,175.66666666666666,train,6,Motorola Edge;Samsung A52
H637,8.907269477844238,8.427428245544434,6.819113731384277,36.38863304936528,22.67697653848314,1.7922190519505643,0.5579675090004476,159.88977841066963,150.19936093359266,141.84719713809392,0.1222167238593101,94.66666666666669,152.33333333333334,200.3333333333333,train,3,Samsung A52
H666,3.3273269534111023,2.1485564708709717,1.401149183511734,20.194170908862365,21.11298548591722,2.0676713209632416,0.48365721108568466,167.39447917484233,160.051254066242,143.15516560661365,0.12118626944720737,130.83333333333334,155.16666666666669,179.58333333333334,train,4,Motorola Edge;Samsung A52
H668,5.364349842071533,3.798784017562866,2.112200975418091,26.01214654782034,24.578186448104425,1.875016203460943,0.5333287243887171,154.09828525807907,139.6615120274914,124.47676497647856,0.2059717774391174,105.0,140.0,170.33333333333334,train,7,Motorola Edge;Samsung A52
Airbus BS10-4bis7,3.57866370677948,2.3837885856628422,1.718595027923584,22.700177805913306,21.956886825909322,1.828535899749562,0.5468861871702386,165.5734706268611,163.861927050213,158.88888592276766,0.0439049508422613,134.16666666666669,161.0,192.83333333333331,test,3,iPhone 16
Airbus BS12-5bis8,3.3058934211730957,2.381985664367676,1.7745823860168457,20.19435638539096,18.576475292096347,1.9287447964529576,0.518527008850694,172.87399981319584,170.5587454813391,162.5654191198037,0.06075601093471045,140.66666666666669,168.5,195.33333333333331,test,3,iPhone 16
Airbus BS6-3,3.7153255939483643,2.5413763523101807,1.6248849630355835,21.982120357604643,20.04926935315493,1.9621571659782373,0.5100414360153643,166.04583943567042,164.39211076666504,159.10629480614529,0.0456526186317205,134.0,162.0,191.49999999999994,test,3,iPhone 16
Audorfring,7.058634996414185,5.967463493347168,5.23028564453125,37.358848757566605,32.314966614901024,1.8664475198180936,0.5358157696587087,157.61217690441612,157.44178066393093,151.56882883287454,0.041568450629711096,105.66666666666666,153.83333333333334,205.5,test,5,iPhone 14
Kleinkummerfeld 18-3,4.1812522411346436,2.803072690963745,1.8387484550476072,25.05815419762355,24.11259199245295,1.8014112634192128,0.5551867546516355,164.66506027645218,163.0581738175068,158.38569394616957,0.04436113499104975,129.0,160.5,196.33333333333331,test,3,iPhone 16
Kleinkummerfeld 2-2,6.19722580909729,3.8038175106048584,2.525413990020752,34.18061776484518,32.16618419656044,1.98381165800794,0.5040808933115825,149.98978355896975,146.35532909631297,140.88090597806757,0.07845760136842725,103.33333333333334,140.66666666666669,193.66666666666663,test,3,iPhone 16
Kleinkummerfeld 2-3,5.62507963180542,3.5360409021377563,2.0907857418060303,30.016497961396063,27.9170222801989,1.9262785039233168,0.5191507210890944,158.94107182727396,154.59435932742304,147.40355748443886,0.08622406050562856,115.5,150.66666666666666,194.66666666666663,test,3,iPhone 16
Kleinkummerfeld 9-4,3.97091007232666,2.679687023162842,1.9127694964408875,23.904516065137514,22.571324266693498,1.86587143793487,0.5360701645724516,170.5243868751024,166.40815257562355,157.78046809737492,0.06716867908835406,133.66666666666669,163.33333333333331,195.66666666666663,test,3,iPhone 16
"Münster_BS6_9,0-10m",6.703238010406494,7.561850547790527,8.27148151397705,40.11960098761233,17.156834658643913,1.9511411822367863,0.5125205746790711,151.53054600992746,150.66743031691485,140.21395865131123,0.1240096092224121,87.0,147.33333333333334,202.3333333333333,test,5,iPhone 14
Testfeld Lidl WHV,5.866967678070068,6.0770615339279175,6.095521092414856,31.2799277398169,19.97089451661146,1.8556996723315922,0.5392553155626665,174.80232132842303,175.2865055906418,169.60101352474538,0.03581893444061275,129.08333333333334,175.75,212.41666666666663,test,4,iPhone 14
