scaler,pool,k,emd
all,naive,1,44.228556220914136
all,naive,2,41.951175598822395
all,naive,3,45.72857594736575
all,naive,4,44.957618234169594
all,naive,5,48.25754231903695
all,naive,6,47.12063812191543
all,naive,8,50.991151100402284
all,honest,1,50.65585231313998
all,honest,2,47.65879161327427
all,honest,3,50.274812716268805
all,honest,4,51.11797145604135
all,honest,5,51.55270004763355
all,honest,6,54.25312608547623
all,honest,8,57.207110673660715
pool,naive,1,52.84284787289459
pool,naive,2,41.951175598822395
pool,naive,3,45.72857594736575
pool,naive,4,44.884426236717246
pool,naive,5,48.25754231903695
pool,naive,6,46.508777363116735
pool,naive,8,50.82586638993077
pool,honest,1,59.27014396512043
pool,honest,2,47.65879161327427
pool,honest,3,50.274812716268805
pool,honest,4,51.044779458589005
pool,honest,5,51.55270004763355
pool,honest,6,55.3201486541347
pool,honest,8,61.59110116241237
