,real,null_median
knn1,57.70332509848222,104.86522632446659
knn2,47.581022486272296,94.95443183226932
knn3,50.24368363932791,93.37446949219616
knn4,51.11628055193405,89.8534164297374
knn2w,47.46441022064439,96.06071438613472
knn4w,50.17246642512534,90.51683659177087
pls2,46.419535604208185,91.86419991354975
pls3,47.04330161700998,91.76217121407312
krr,41.27567935976582,82.2969667725028
svr,113.93359522906808,98.34609513906335
bayes,40.20121641857052,89.40565634060127
rf,50.30282657946373,86.4543436930667
et,43.955327088109506,88.09363016519359
gb,49.98315573831915,92.1046268880667
ridge_nested,42.82884739860415,89.90831321870769
