darkfrac,bright,logD50,e1,e2,e4,e8,e16,e32,R,G,B,sat,px_per_mm,n_of_imgs,cam_mix,split,key
0.07890587657051981,157.62665721706753,0.0,19.12193478774702,16.673170531121798,14.978671474197991,13.015798886381834,10.144535125183811,7.058936247947891,168.29521258013887,155.6520233127214,139.18584858198278,0.19562020659087154,4.58,5.0,"{'SamsungA52': np.int64(3), 'MotorolaEdge': np.int64(2)}",train,F827
0.07775666959136633,158.29937770813473,0.0,20.794200874997706,18.03867586674389,16.194979819655696,14.052705018543634,10.825531576505986,7.068028436650144,165.95278827926575,157.97224212632028,139.84979740219717,0.1721475718872619,4.58,5.0,"{'SamsungA52': np.int64(3), 'MotorolaEdge': np.int64(2)}",train,G190
0.07824802902039159,154.1188721249111,0.0,18.85099310061901,16.02766501207684,13.869312957111262,11.779895438831673,9.128500739294791,6.376053354956697,163.28986972476974,152.26673920427876,138.9646740965822,0.16731724658655306,4.579999999999999,7.0,"{'MotorolaEdge': np.int64(4), 'SamsungA52': np.int64(3)}",train,H030
0.07920797394644143,155.3152782460709,0.0,21.56445409359986,18.45378505678635,15.972566878441318,13.605572606157523,10.69120337272647,7.591133018684044,163.02247539207403,154.70214888479407,137.82148884707917,0.17115651127638265,4.579999999999999,6.0,"{'MotorolaEdge': np.int64(3), 'SamsungA52': np.int64(3)}",train,H037
0.07879667983612783,156.31184925389812,0.0,22.93361335973488,20.170866580826875,17.85028738887219,15.459200938529268,12.295231480943464,8.747824167150863,162.6389340607243,157.12211985416454,135.09525225309426,0.19063170540428995,4.58,8.0,"{'SamsungA52': np.int64(5), 'MotorolaEdge': np.int64(3)}",train,H038
0.07915721094620279,156.9252149170853,0.0,19.816793596102613,15.921946071516608,12.960041514323947,10.633416807905101,8.34818027895772,6.307939175190571,163.4547496138957,156.32713624985746,141.9176387553701,0.14547054293498146,4.58,4.0,"{'MotorolaEdge': np.int64(3), 'SamsungA52': np.int64(1)}",train,H126
0.07842474007175103,152.8699921131524,0.0,32.48656083973642,28.316139297180996,23.686747413196855,18.563943930994572,13.214325596624088,8.21914201393541,159.9596378003749,151.25508161820457,142.4928991559225,0.12563889860109959,4.579999999999999,6.0,"{'MotorolaEdge': np.int64(4), 'SamsungA52': np.int64(2)}",train,H181
0.07797631378630163,150.99001929916207,0.0,31.946622232823675,28.259209741802163,24.009254993210792,19.090867965599312,13.60002582274495,8.407294476811867,157.60648432810785,149.59382984493314,140.78522369709543,0.12070563144537513,4.579999999999999,7.0,"{'MotorolaEdge': np.int64(4), 'SamsungA52': np.int64(3)}",train,H183
0.0780041176027957,140.51841964603003,0.0,27.79720677861315,23.681079268329967,19.357231999984293,14.536029609417634,9.527879732795956,5.190540925893942,145.8978388185395,139.22353879413168,133.0849330007439,0.09767553933558205,4.58,4.0,{'MotorolaEdge': np.int64(4)},train,H366
0.0787511271636116,151.03616150892896,0.0,29.97135735153966,25.71364268165592,21.17999432469569,16.15760890375094,10.925942333285857,6.36861936263762,157.324004485496,149.63506504243753,141.67993948188234,0.11030626378359036,4.58,4.0,"{'MotorolaEdge': np.int64(3), 'SamsungA52': np.int64(1)}",train,H367
0.07902916287061415,148.7431165269903,0.0,32.690016579793266,28.25300009012117,23.239316267004757,17.561187747559778,11.62383524280261,6.599830023679549,155.88262330285133,147.08351977619657,138.46232410460524,0.13136220375411362,4.58,5.0,"{'MotorolaEdge': np.int64(4), 'SamsungA52': np.int64(1)}",train,H368
0.07858162757152762,152.1726245178054,0.0,34.1829208006165,30.513081110914396,26.196803194731626,20.923387079211075,14.574598219738679,8.232126568061735,161.64125254392133,150.89492331709957,133.89495664369676,0.18847106875323383,4.579999999999999,7.0,"{'SamsungA52': np.int64(4), 'MotorolaEdge': np.int64(3)}",train,H371
0.07800069130467556,145.66358959269814,0.0,33.370894914321504,29.480823100824242,24.978664997677146,19.565760333970132,13.323424497686124,7.284849297188155,153.27990622915144,144.40732767473122,132.12490126752166,0.15116607074034252,4.579999999999999,6.0,"{'MotorolaEdge': np.int64(4), 'SamsungA52': np.int64(2)}",train,H372
0.07850093472830005,151.33713153744648,0.0,26.65108998487858,23.06494687994792,19.086769046921628,14.541515480418603,9.86328519696666,5.454331599415398,154.28643235787536,156.6915937758931,115.88112365011447,0.28787767378974244,4.58,3.0,{'MotEdge60Fusion': np.int64(3)},train,H374
0.07857440977603485,147.39870540443982,0.0,21.968009674751855,18.51321557233521,15.70358373136657,13.060167927396714,9.993132887500995,6.755488997284001,157.71209592380131,145.4446349401055,130.0766085635901,0.20460968202262544,4.579999999999999,6.0,"{'MotorolaEdge': np.int64(3), 'SamsungA52': np.int64(3)}",train,H405
0.07838925520764399,155.74560722055978,0.0,19.761820080746983,15.898716070048195,13.66694599930592,11.844101796829671,9.506099171451016,7.090837125651777,163.1450658375771,154.40452074620669,143.58981496686457,0.13063324957444725,4.58,5.0,"{'MotorolaEdge': np.int64(3), 'SamsungA52': np.int64(2)}",train,H493
0.07758366509030286,144.35397557014065,0.0,30.731848591949728,25.432580540587676,19.847653025124753,14.182403879332067,9.225606516835644,5.597966253179465,149.45542403515094,143.16571943058472,137.22605281634628,0.09098433791535669,4.58,4.0,"{'MotorolaEdge': np.int64(3), 'SamsungA52': np.int64(1)}",train,H516
0.0787410019573462,145.54036502290614,0.0,20.933643013998015,17.304510828932184,14.677911816256636,12.486036665880178,10.008238597918874,6.996207343198387,155.17912777352623,143.48409018334954,130.67294102941344,0.1862047298114301,4.58,5.0,"{'MotorolaEdge': np.int64(3), 'SamsungA52': np.int64(2)}",train,H549
0.0787572329284251,152.5797232800965,0.0,33.009375380440694,29.668272598047782,25.414836348703812,20.212630454167257,14.181487889286123,8.121214631110197,159.2177064396898,151.28851055178006,141.8226493987214,0.124189239178583,4.58,5.0,"{'SamsungA52': np.int64(3), 'MotorolaEdge': np.int64(2)}",train,H615
0.0787695530779926,146.7467937794656,0.0,21.995147377158922,17.665429816432116,14.246031314276411,11.336748867819889,8.447073508851588,5.977607759383004,154.66300003843935,145.02229127976517,134.3093500434492,0.16171213446632707,4.58,5.0,"{'MotorolaEdge': np.int64(3), 'SamsungA52': np.int64(2)}",train,H616
0.0792325593572094,147.7339884759811,0.0,19.884044664294077,16.91014439855415,14.681659687834738,12.574764071914066,9.819221894760998,6.7396832967552704,154.99668668912614,146.69086565985432,133.62694926777257,0.1542343964767741,4.579999999999999,6.0,"{'MotorolaEdge': np.int64(3), 'SamsungA52': np.int64(3)}",train,H617
0.07809715575670391,151.64981501837255,0.0,35.19141914641246,31.655659876152527,27.53496196799347,22.83804502414767,17.056536009982924,10.303964557171035,158.33107048028793,150.14719295517116,141.7838721822212,0.11983593028861073,4.58,3.0,{'SamsungA52': np.int64(3)},train,H637
0.0787287727137655,159.9063560937133,0.0,15.289761964083313,13.0106947317549,11.437185976387408,9.95308677526473,8.08644841613252,6.125120488435958,166.48087612703011,159.2346031058067,145.2129630167965,0.1409074657561244,4.58,4.0,"{'MotorolaEdge': np.int64(3), 'SamsungA52': np.int64(1)}",train,H666
0.07814544658395327,145.46753156810624,0.0,23.028125491606637,19.051084933499776,16.03813880453922,13.447254128695192,10.356424109086237,6.818758380809821,153.35087180552128,143.57259245173603,134.27559110190415,0.15498246106323313,4.579999999999999,7.0,"{'SamsungA52': np.int64(4), 'MotorolaEdge': np.int64(3)}",train,H668
0.0786216597389382,152.73918463206695,0.0,13.63044094683943,10.153799090542595,7.949051582123532,6.49377363767141,5.3964381180070795,4.363249248272661,154.3516173472534,152.69511730705233,148.56302662372883,0.04057097855693184,4.58,2.0,{'iPhone16': np.int64(2)},test,Airbus BS10-4bis7
0.07916777004503767,159.56053401265513,0.0,13.055050806863354,10.403069729125347,8.508093983278274,7.087505228098163,5.843632857821764,4.514197833984084,161.7568943086529,159.60942603817648,153.47611893570078,0.053529989599442114,4.58,3.0,{'iPhone16': np.int64(3)},test,Airbus BS12-5bis8
0.07880154760594167,152.75807573562295,0.0,13.86937200249148,10.547419329406075,8.234907599933235,6.664005954678622,5.413019537217088,4.215059428720896,154.40786868058436,152.73758020461162,148.36497629757835,0.04304824250843087,4.58,3.0,{'iPhone16': np.int64(3)},test,Airbus BS6-3
0.07668422157519554,144.72403036092612,0.0,26.505631491847463,21.70399645627948,17.490792649342836,13.355316747528914,9.289887002868753,5.8007544567899,145.24788518996837,145.04679114176304,141.40728117477738,0.03799962902959392,4.58,5.0,{'iPhone14': np.int64(5)},test,Audorfring
0.07832250782778769,153.25415990888771,0.0,14.40336304897451,10.401524344208044,7.700068062630957,6.074346147704026,4.996016628358036,3.9749298532173647,154.83033876376902,153.26235412986134,148.9519734427347,0.04345752359810107,4.58,3.0,{'iPhone16': np.int64(3)},test,Kleinkummerfeld 18-3
0.07751914919361637,138.8436582786571,0.0,18.779591016686496,12.865336136741229,8.702266022328827,6.008325712692481,4.275131462789363,3.1479023909810095,141.77567617019142,138.38197833015155,133.56796618485967,0.07208005689777863,4.58,3.0,{'iPhone16': np.int64(3)},test,Kleinkummerfeld 2-2
0.07880923406200936,143.89129655690775,0.0,17.713348787020788,12.090195205652075,8.187213491101142,5.95321216326263,4.696712192435392,3.691540485099596,146.81826662021953,143.62868953144525,137.54628139306124,0.0752253328297834,4.58,3.0,{'iPhone16': np.int64(3)},test,Kleinkummerfeld 2-3
0.0790894177831864,153.16894453692075,0.0,15.524921944441965,11.663092541237729,8.912161135357659,7.059547552923011,5.686149740035538,4.435016340111746,155.8872732961751,152.9943873048441,146.9009249243005,0.06186599957643793,4.58,3.0,{'iPhone16': np.int64(3)},test,Kleinkummerfeld 9-4
0.07814763769346149,144.49275818282499,0.0,37.05628852315532,34.39923043455684,31.256632475993438,27.091797788817864,21.338797763514723,13.938027245026518,147.31564036442268,144.6999844081413,136.00168214486447,0.12366097466328238,4.58,5.0,{'iPhone14': np.int64(5)},test,"Münster_BS6_9,0-10m"
0.07820738371014016,159.97811571181754,0.0,29.739216938165747,26.438217656345046,22.85394209364671,18.579798024075778,13.44430091680897,8.068697602935721,160.14100480411108,160.57008452855618,156.2757689554354,0.032600476819438014,4.58,4.0,{'iPhone14': np.int64(4)},test,Testfeld Lidl WHV
0.07993344024945773,153.83411952416742,0.0,13.635619549456967,10.178101198749284,7.993855273610207,6.5678906669837485,5.474159641308789,4.412074968810653,155.69736977010803,153.99124866649777,148.01399128764416,0.051918567639701436,4.58,1.0,{'iPhone16': np.int64(1)},test,iPhone_16_HPC_Airbus BS10-4bis7
