sample,e1,e2,e4,e8,e16,e32,contrast,R,G,B,sat,ps_centroid,logD50,clay,coarse2
F827,17.172736394663133,14.946750113231806,12.882301460381692,10.51366540171229,7.659258403564256,4.809174349403058,-0.8113855243269322,173.23557090917862,162.1029987819159,148.24843232223938,0.15653363425706462,,-1.670752803930038,9.4904,0.0
G190,18.42364090886147,16.047670679983494,13.977385517631996,11.612110425334075,8.449922209806385,5.14240129399814,-0.7952124954731978,172.49156030155098,164.63979332067262,149.67533178258296,0.1410890827147836,,-1.2065004932383296,5.2076,9.010199999999998
H030,11.958018562020776,9.491795710522728,7.553921757232696,6.114819500471381,4.915966994207396,3.746988519170482,-0.9394280484244305,164.03174713927896,154.31764118018725,143.49204714379724,0.13380388104952615,,-0.9851608206987619,6.7833,2.046999999999997
H037,12.050834642205672,9.646343746812613,8.168665434744206,6.948647357857442,5.623197116236426,4.201579296194086,-0.8647276153961335,168.60179469792638,160.49188277885446,152.16296342945333,0.10264078064773831,,-0.08913881653595085,0.932,37.2832
H038,14.22439854480927,11.32848819868922,8.944298247468934,6.839940509577699,5.086046875984695,3.712895368348955,-0.8522843850990497,170.36335812354147,161.90926156941657,151.69498038189568,0.11597272347942077,,0.3862822945934473,1.8218,52.7655
H126,12.914964842705771,9.996726739735257,8.042413371625003,6.4261386062163055,4.900898254326076,3.5066803959348065,-0.8450800778348784,175.3995956199915,166.96455011406331,157.12095189518155,0.10994746252490543,,-1.4561191624022967,6.333,5.152699999999996
H181,21.465937741032647,18.87441474001686,16.191982586535133,13.110260263402054,9.396633891890524,5.4763917056353435,-0.7306485136302516,179.64547152527294,173.89798144900638,169.181757709992,0.06986045454039717,,0.4865090170552884,1e-06,62.5931
H183,20.500804908859322,18.27577072454859,15.74858237022868,12.903602096321606,9.641652752378812,5.9192888268270805,-0.745162409081805,171.345478153048,166.02072466952646,160.97348356044304,0.06880454926452766,,0.5651709184627635,1e-06,67.7188
H366,17.73521735825864,15.934974100824506,14.161895468518287,11.981713520127528,9.06658537216272,5.657817773336883,-0.7580066311126933,165.82314344525295,161.4482857930299,157.12703345088147,0.06200519842438407,,0.6804089969695681,0.9633,67.18299999999999
H367,19.31818166586202,16.747850541553333,14.215669220105958,11.364299813952854,8.0972652114262,5.162011836717237,-0.75074002386978,173.93864181008936,168.56729846975063,162.76015940004245,0.07144983847795501,,0.6805082819233153,0.8232,69.5886
H368,21.042991590618904,18.838035551518143,16.404040216446315,13.562319509492676,10.006490242221846,6.356679267201609,-0.7288654240169662,172.0133228257619,166.67887315605455,161.2602971197192,0.08333789171152171,,0.7871855887058824,0.5878,77.2376
H371,20.34095973654374,17.998696977005505,15.419281089242196,12.400913187631064,8.730521629575408,4.886576410051269,-0.7528018498091592,174.65072681362085,169.81500943575406,164.31908293933637,0.06435041666490639,,0.6372020700494321,1.1625,66.9879
H372,22.291813207304426,19.97852057409006,17.395344071139892,14.372480820782597,10.615114636973527,6.233501687246002,-0.6967926327830698,167.61092259892615,162.5943928578788,157.51603075375172,0.0706925023291818,,0.6613592647607227,1.2023,68.9444
H374,22.319475976977927,19.67371313668653,17.108947033702478,14.173027581619408,10.521652988637145,6.4835797563214,-0.7398958341487011,168.8562650085128,171.95084914056952,129.3076079583127,0.2728518287101655,,0.7716473578364876,1.1223,70.5848
H405,13.3579073409731,10.269154488841929,7.832963326049021,5.786949869028436,4.112940434630646,2.8272546333984443,-0.7978557777401027,154.89357290494107,143.29583412245373,129.32909789201028,0.17995377053785086,,-1.6485366818662988,17.7068,1.546199999999999
H493,12.713294307863242,8.955607979457554,6.961316258029238,5.624344186193483,4.512541348008654,3.422755504158173,-0.8233990106234276,169.70971117817948,162.68789781891132,155.17043428175145,0.0894323901718051,,-1.227062872960294,3.275,0.7895000000000039
H516,23.213239465858255,18.849968097809413,13.87472089129412,8.58600581625847,4.444333050262219,2.4859797445819427,-0.6272407115101449,165.56259393315813,159.93428224320667,153.69408801408204,0.08132729138166649,,0.25402238179988346,1e-06,47.0588
H549,15.332855693469648,12.070266288151103,9.126315103423687,6.329178902036138,4.393348259013931,3.0379328603214546,-0.7419028880619241,158.27247661168644,146.97050631946695,134.44469359456596,0.16553565590951513,,-1.522655057676828,4.8814,0.24869999999999948
H615,26.193884977518916,23.7449743677028,20.473558112617777,16.318695000803135,11.065414562025973,5.7669228742276815,-0.6951850713490394,172.20108904896315,166.28236440278303,159.00025119293457,0.08299850246715608,,0.7274319606490554,1e-06,76.1183
H616,16.304321525176785,12.260074107691311,8.804027665549981,5.942974491212907,3.965266149308718,2.716878099664836,-0.7432807491789252,160.14127171747535,151.66743569819963,142.31353075041827,0.12204731913541245,,-0.676279212135471,1e-06,1.677899999999994
H617,12.937426039770989,10.056294987639236,7.558805677711497,5.441026056129398,3.9184617395405574,2.852902031805069,-0.8358879566892355,149.84184816702387,141.54723569990676,132.55212349426287,0.12244244238758521,,-1.005301685668707,0.9642,5.230500000000006
H637,37.60506709094976,35.01248462679781,31.479711114231126,26.172102282216837,17.72371594084827,8.350146519074858,-0.5615452162482341,176.04428744124002,167.792220820268,158.15428747952373,0.11177116490372598,,0.4040439369527022,2.0416,53.1084
H666,8.70796058955055,6.89174921470158,5.856487332290148,5.016334792805672,4.1060860412842,3.111908446535361,-1.0206840096276284,176.51316893847482,168.0665167608303,158.36182979647336,0.10858889529370382,,-1.164742897765365,1.3176,0.21120000000000516
H668,13.660735247961776,9.754832093796303,7.317752616037278,5.425250782476387,3.8881249316735,2.5794998407430496,-0.7303925763650493,167.90407936013378,159.43758755888288,151.3301068538211,0.10418190780834924,,-1.5166607098014402,6.5998,2.957400000000007
